Question Number;Question Text;field;Response Type;User Response
1;Company legal name;onboarding.company_legal_name;Text input;Hassan
2;What's the company's main address?;onboarding.company_address;Text input;Address Hassan
3;Do you have an office?;onboarding.has_office;Radio buttons;Yes
4;Do you provide your own company devices to your employees?;onboarding.provides_company_devices;Radio buttons;No
5;What do you use for version control?;onboarding.version_control_tools;Dropdown;GitLab
6;What kind of services do you provide?;onboarding.service_type;Dropdown;On-premise
7;What do you use for password management?;onboarding.password_management_tool;Dropdown;Bitwarden
8;Number of employees;onboarding.employee_count;Number input;23
9;Number of contractors?;onboarding.contractor_count;Number input;32
10;What do you use for ticket / project management?;onboarding.ticket_management_tools;Dropdown;Jira
11;Please upload your company logo;onboarding.company_logo;File upload;data/company_logo.png
12;Who is the owner of this access control policy?;user_response.policy_owner_email;Email/User selector;Munich
13;Who has authority to approve this policy?;user_response.policy_approver_email;Email/User selector;hassan@gmail.com
14;When should this policy become effective?;user_response.effective_date;Date picker;2025-08-08
15;Do you require Multi-Factor Authentication (MFA) for privileged access?;user_response.require_mfa;Radio buttons;No
16;How often do you perform user access reviews?;user_response.review_frequency;Dropdown;Quarterly (Recommended)
17;How long after termination should access be revoked?;user_response.termination_timeframe;Dropdown;24 business hours
18;Who is responsible for approving exceptions to this policy?;user_response.exception_approver;Dropdown;CISO
19;Who do you report policy violations to?;user_response.violations_reporter;Dropdown;Security Team
20;How do you handle access requests and approvals?;user_response.access_request_method;Radio buttons;Ticketing system (Jira/ServiceNow/etc.)
99;Logo Base64 Data;_logo_base64_data;File upload;data:image/png;base64,iVBORw0KGgoAAAANSUhEUgAAAu4AAACyCAYAAAAdzkpvAAAMTGlDQ1BJQ0MgUHJvZmlsZQAASImVVwdYU8kWnltSIQQIREBK6E0QkRJASggtgPQiiEpIAoQSY0JQsSOLCq5dRLCiqyCKbQVksaGuurIo9r5YUFHWxYJdeRMC6LKvfG++b+78958z/5xzZm4ZAOgdfKk0B9UEIFeSJ4sJ9mdNSEpmkboAGVAAE1gCY75ALuVERYUDWAbbv5e31wCibC87KLX+2f9fi5ZQJBcAgERBnCaUC3Ih/hkAvFkgleUBQJRC3nx6nlSJ10CsI4MOQlytxBkq3KzEaSp8sd8mLoYL8SMAyOp8viwDAI0eyLPyBRlQhw6jBU4SoVgCsR/EPrm5U4UQz4fYBtrAOelKfXbadzoZf9NMG9Lk8zOGsCqW/kIOEMulOfyZ/2c6/nfJzVEMzmENq3qmLCRGGTPM26PsqWFKrA7xe0laRCTE2gCguFjYb6/EzExFSLzKHrURyLkwZ3CdATpOnhPLG+BjhPyAMIgNIU6X5ESED9gUpouDlDYwf2i5OI8XB7EexNUieWDsgM1x2dSYwXmvpcu4nAH+KV/W74NS/6siO56j0se0M0W8AX3MsSAzLhFiKsQB+eKECIg1II6QZ8eGDdikFGRyIwZtZIoYZSwWEMtEkmB/lT5Wli4Lihmw35UrH4wdO54p5kUM4Et5mXEhqlxhjwT8fv9hLFiPSMKJH9QRySeED8YiFAUEqmLHySJJfKyKx/Wkef4xqrG4nTQnasAe9xflBCt5M4jj5Pmxg2Pz8+DmVOnjxdK8qDiVn3hFFj80SuUPvg+EAy4IACyggDUNTAVZQNzW3dAN71Q9QYAPZCADiIDDADM4IrG/RwKvsaAA/AmRCMiHxvn394pAPuS/DGOVnHiIU10dQPpAn1IlGzyGOBeEgRx4r+hXkgx5kAAeQUb8D4/4sApgDDmwKvv/PT/IfmM4kAkfYBSDM7Log5bEQGIAMYQYRLTFDXAf3AsPh1c/WJ1xNu4xGMc3e8JjQjvhAeEqoYNwc4q4UDbMy/GgA+oHDeQn7fv84FZQ0xX3x72hOlTGmbgBcMBd4Dwc3BfO7ApZ7oDfyqywhmn/LYLvVmjAjuJEQSkjKH4Um+EjNew0XIdUlLn+Pj8qX9OG8s0d6hk+P/e77AthGzbcEluMHcTOYCewc1gz1gBY2DGsEWvFjijx0I571L/jBmeL6fcnG+oM3zPfVlaZSblTrVOX02dVX55oRp7yYeROlc6UiTMy81gc+MUQsXgSgeMolrOTsysAyu+P6vX2Orr/u4IwW79xC/8AwPtYX1/fL9+40GMA7HeHr4TD3zgbNvy0qAFw9rBAIctXcbjyQoBvDjp8+vSBMTAHNjAeZ+AGvIAfCAShIBLEgSQwGXqfCfe5DEwHs8ECUAxKwQqwFlSAzWAbqAZ7wAHQAJrBCfArOA8ugqvgNtw9neA56AFvwScEQUgIDWEg+ogJYonYI84IG/FBApFwJAZJQlKRDESCKJDZyEKkFFmFVCBbkRpkP3IYOYGcQ9qRm8h9pAt5hXxEMVQd1UGNUCt0NMpGOWgYGodOQjPQaWgBWoQuQ8vRKnQ3Wo+eQM+jV9EO9DnaiwFMDWNippgDxsa4WCSWjKVjMmwuVoKVYVVYHdYE1/ky1oF1Yx9wIs7AWbgD3MEheDwuwKfhc/GleAVejdfjp/DL+H28B/9KoBEMCfYETwKPMIGQQZhOKCaUEXYQDhFOw2epk/CWSCQyidZEd/gsJhGziLOIS4kbiXuJx4ntxIfEXhKJpE+yJ3mTIkl8Uh6pmLSetJt0jHSJ1El6T1Yjm5CdyUHkZLKEXEguI+8iHyVfIj8hf6JoUiwpnpRIipAyk7Kcsp3SRLlA6aR8ompRrane1DhqFnUBtZxaRz1NvUN9raamZqbmoRatJlabr1autk/trNp9tQ/q2up26lz1FHWF+jL1nerH1W+qv6bRaFY0P1oyLY+2jFZDO0m7R3uvwdBw1OBpCDXmaVRq1Gtc0nhBp9At6Rz6ZHoBvYx+kH6B3q1J0bTS5GryNedqVmoe1ryu2avF0BqjFamVq7VUa5fWOa2n2iRtK+1AbaF2kfY27ZPaDxkYw5zBZQgYCxnbGacZnTpEHWsdnk6WTqnOHp02nR5dbV0X3QTdGbqVukd0O5gY04rJY+YwlzMPMK8xP44wGsEZIRqxZETdiEsj3umN1PPTE+mV6O3Vu6r3UZ+lH6ifrb9Sv0H/rgFuYGcQbTDdYJPBaYPukTojvUYKRpaMPDDyliFqaGcYYzjLcJthq2GvkbFRsJHUaL3RSaNuY6axn3GW8Rrjo8ZdJgwTHxOxyRqTYybPWLosDiuHVc46xeoxNTQNMVWYbjVtM/1kZm0Wb1ZottfsrjnVnG2ebr7GvMW8x8LEYrzFbItai1uWFEu2ZablOsszlu+srK0SrRZZNVg9tdaz5lkXWNda37Gh2fjaTLOpsrliS7Rl22bbbrS9aIfaudpl2lXaXbBH7d3sxfYb7dtHEUZ5jJKMqhp13UHdgeOQ71DrcN+R6RjuWOjY4PhitMXo5NErR58Z/dXJ1SnHabvT7THaY0LHFI5pGvPK2c5Z4FzpfGUsbWzQ2HljG8e+dLF3EblscrnhynAd77rItcX1i5u7m8ytzq3L3cI91X2D+3W2DjuKvZR91oPg4e8xz6PZ44Onm2ee5wHPv7wcvLK9dnk9HWc9TjRu+7iH3mbefO+t3h0+LJ9Uny0+Hb6mvnzfKt8HfuZ+Qr8dfk84tpwszm7OC38nf5n/If93XE/uHO7xACwgOKAkoC1QOzA+sCLwXpBZUEZQbVBPsGvwrODjIYSQsJCVIdd5RjwBr4bXE+oeOif0VJh6WGxYRdiDcLtwWXjTeHR86PjV4+9EWEZIIhoiQSQvcnXk3SjrqGlRv0QTo6OiK6Mfx4yJmR1zJpYROyV2V+zbOP+45XG3423iFfEtCfSElISahHeJAYmrEjsmjJ4wZ8L5JIMkcVJjMik5IXlHcu/EwIlrJ3amuKYUp1ybZD1pxqRzkw0m50w+MoU+hT/lYCohNTF1V+pnfiS/it+bxkvbkNYj4ArWCZ4L/YRrhF0ib9Eq0ZN07/RV6U8zvDNWZ3Rl+maWZXaLueIK8cuskKzNWe+yI7N3ZvflJObszSXnpuYelmhLsiWnphpPnTG1XWovLZZ2TPOctnZajyxMtkOOyCfJG/N04I9+q8JG8YPifr5PfmX+++kJ0w/O0JohmdE6027mkplPCoIKfpqFzxLMapltOnvB7PtzOHO2zkXmps1tmWc+r2he5/zg+dULqAuyF/xe6FS4qvDNwsSFTUVGRfOLHv4Q/ENtsUaxrPj6Iq9Fmxfji8WL25aMXbJ+ydcSYclvpU6lZaWflwqW/vbjmB/Lf+xblr6sbbnb8k0riCskK66t9F1ZvUprVcGqh6vHr65fw1pTsubN2ilrz5W5lG1eR12nWNdRHl7euN5i/Yr1nysyK65W+lfu3WC4YcmGdxuFGy9t8ttUt9loc+nmj1vEW25sDd5aX2VVVbaNuC1/2+PtCdvP/MT+qWaHwY7SHV92SnZ2VMdUn6pxr6nZZbhreS1aq6jt2p2y++KegD2NdQ51W/cy95buA/sU+57tT91/7UDYgZaD7IN1P1v+vOEQ41BJPVI/s76nIbOhozGpsf1w6OGWJq+mQ784/rKz2bS58ojukeVHqUeLjvYdKzjWe1x6vPtExomHLVNabp+ccPLKqehTbafDTp/9NejXk2c4Z46d9T7bfM7z3OHf2L81nHc7X9/q2nrod9ffD7W5tdVfcL/QeNHjYlP7uPajl3wvnbgccPnXK7wr569GXG2/Fn/txvWU6x03hDee3sy5+fJW/q1Pt+ffIdwpuat5t+ye4b2qP2z/2Nvh1nHkfsD91gexD24/FDx8/kj+6HNn0WPa47InJk9qnjo/be4K6rr4bOKzzufS55+6i//U+nPDC5sXP//l91drz4Sezpeyl32vlr7Wf73zjcublt6o3ntvc99+elfyXv999Qf2hzMfEz8++TT9M+lz+RfbL01fw77e6cvt65PyZfz+XwEMKI826QC82gkALQkABjw3Uieqzof9BVGdafsR+E9YdYbsL24A1MF/+uhu+HdzHYB92wGwgvr0FACiaADEeQB07NihOniW6z93KgsRng22xH9Jy00D/6aozqTf+T28BUpVFzC8/RcyUYMjdO92fQAAAIplWElmTU0AKgAAAAgABAEaAAUAAAABAAAAPgEbAAUAAAABAAAARgEoAAMAAAABAAIAAIdpAAQAAAABAAAATgAAAAAAAACQAAAAAQAAAJAAAAABAAOShgAHAAAAEgAAAHigAgAEAAAAAQAAAu6gAwAEAAAAAQAAALIAAAAAQVNDSUkAAABTY3JlZW5zaG90ptRwkgAAAAlwSFlzAAAWJQAAFiUBSVIk8AAAAdZpVFh0WE1MOmNvbS5hZG9iZS54bXAAAAAAADx4OnhtcG1ldGEgeG1sbnM6eD0iYWRvYmU6bnM6bWV0YS8iIHg6eG1wdGs9IlhNUCBDb3JlIDYuMC4wIj4KICAgPHJkZjpSREYgeG1sbnM6cmRmPSJodHRwOi8vd3d3LnczLm9yZy8xOTk5LzAyLzIyLXJkZi1zeW50YXgtbnMjIj4KICAgICAgPHJkZjpEZXNjcmlwdGlvbiByZGY6YWJvdXQ9IiIKICAgICAgICAgICAgeG1sbnM6ZXhpZj0iaHR0cDovL25zLmFkb2JlLmNvbS9leGlmLzEuMC8iPgogICAgICAgICA8ZXhpZjpQaXhlbFlEaW1lbnNpb24+MTc4PC9leGlmOlBpeGVsWURpbWVuc2lvbj4KICAgICAgICAgPGV4aWY6UGl4ZWxYRGltZW5zaW9uPjc1MDwvZXhpZjpQaXhlbFhEaW1lbnNpb24+CiAgICAgICAgIDxleGlmOlVzZXJDb21tZW50PlNjcmVlbnNob3Q8L2V4aWY6VXNlckNvbW1lbnQ+CiAgICAgIDwvcmRmOkRlc2NyaXB0aW9uPgogICA8L3JkZjpSREY+CjwveDp4bXBtZXRhPgr1Mgd9AAAAHGlET1QAAAACAAAAAAAAAFkAAAAoAAAAWQAAAFkAAGDJfBuEZQAAQABJREFUeAHsfQmcXUWV/nndne5OwhIIYUs6YZcdFGRJQCCACCKLK4goi4qjoyKj4z76QwEVBAV3HUdBVBAIyqi4jqDsokACIgRZgn8UEEgCSS/pfv/v+07Vvfe9XgiQTkNyKul7q06dOqfq1PbdenXr1sxqdbO6dXR02LRp06xmZj3LajYAGv3ZkWugpQaa2K1eh59EOF5b4CdNzglIAA/pSFWVRVoNvJ6aMe5jWucL/WH/aH/VPsOuFv0vxp8Yf9ER+D/mn5h/OSjC8Rr4I/DX6oQ/C9Tc3tFuXdO61BF6+nED6K7VME0UHIoqLoTjLYz3vlPQ3aOuBO8A/jIUhxfkekuVTD6Pb4D3JIX+sH+0v+h/Mf44MsGQWHUx/sb8E/Nv4I/AX9VRMftXffxZTIudHZ02ddpUlLxu3VhxF5zGpQ4ArQGCfq5yID4nAq4qgHs2Fe9iAGavAaR7w2IqpiuBOtkUSiSXzEAFwof+sH+0v+h/6QEuxp8Yf2P+ifk38EfCToG/Vlv8mfuAdXRiq8xUAvea9QK4Ez6n5uFAXAicE4cnYawjb3rgQOAK/QD++fTCZCAS7BPAi8djBiCrhm03TlTqQTpCPy3GP9hJJnd/2D/aH9uF9ydvHupBIET/i/Enxt+Yf2L+zUuEGBQDfwT+WgXxp/dxtO9O7HGfij3uBAXaKkO0yEYPkF1v8Q6AqxxX2okcEG0tjBeyJL5M/hTvN1wF+pGACfmfaSUfHho1r6pKOvnoYbrQH/aP9hf9jwOGT8YaGTg+OCnGnxh/Y/7xCRPXmH+FK9L44DfiCAwWHDACfwhWBf5ia0jt4gWKP5F7r8aOznasuHepQL19bOhwbPl04vJhwYMcIFBiJSX25252T6MkRPQIE3DwJVQxJJFM715KoEzEs2MVDwcO1smndOnuL7NmHaE/7B/tL/ofxgM+3GOMiPEnj40wRoy/NELMPzH/Bv4I/LVK4k9H2BjmOjo7fasMwHhPX0FGDB3BdbrhqdVX2RUhzO2ny5Q8HuPzB7E90xLEt6ARaXoR0QG6/7BJ2UyP2PQwoERZUOh3c9BEYf9of1pl9c6hLpP6U+6judtozI7+p74T40+MvzH/xPwb+INYi1YI/MXdDC9U/Ako6Fi6HVtluqbiOEhQupdx6udKFlYtQKijgC1kk59x2TlNUSARRBBjVx2D5dkyiAaP/5xFZjpPpCsu1O8xoT/sH+0v+l+MPzH+xvwT86+DA2EMBw6OHRJgIM4I/AEjBP4qWgc9qyr+VHvnpb0dL6d2YY87+kc3joPM9S8G9ojUQfIvL87hENstJU55i5U+hLipBWv08ODHbJ4DX03iCaWr6HSIL3UYHiY21oPDsPopT5kdTj+jEfcs9UvqSOUP/WH/aH+pE3rnbuz/0f9i/InxN+afZzf/x/wL6BL4A5MIx5AqNlTLEG11xH+p9DV8gAl73BNw78WKuzcWImuy+NWnZfdXV9HFwEsGsZmRafPPMoLwiVPL7ohDg+SKomtAHD1Iq5saq6WTboooCWD8c9KfMwpd/pBQVdyo30OhP1ko7A8LRPuL/hfjTx4ZNST4ZXnH/xh/fRSJ+SfmX0wmjoAy8ElYI+Gf3Mti/nV4yYEm5l9vM1wU9y+nYqsMgSyBu6IAsHHgiwNpUXz1vAD1iFMk2SuOe9555jKjsdZeAdmp+VEJI9Q4wcUwXfJ6CM059If90SZSq8E92h9/vYr+19AofOyoXGP8ifE35p+YfzFKBP6ADcpFhjSTBv56weNP1KSWv62DW2WmY6sMalnHQXJuRCw373N/HTtBdvRrWOBq+QB8FFFximcboVOUp3BCJjqDPqriWWjsZUgS+sP+0f6i/8X4E+OvppE0gfhs4hNEzD8x/wb+qPYOh1zETnKK8h6TKLiV4cBfvkAsk1RXmWGi5zf+ZC2ikgXccY47ATm/nJoQN+7Jz6e0TEYBibX9SY50BLh6XjCQcWhHLn17SYlTmiwXcdSvDOHqLkWG/tK8Yf9of+ge0f/YJWL8ifEXnSHmH82ePm/H/JvAw6AbUUXgD7SSwF+YPNgaOH/gRi/cCwZ/Iq/cZo6XU3Ec5DR8ORX+8jjIskSpiCqcXxjn0KEYLCCIR+zQEWfzw0r8miONMaA4xjAC4JxhiQAPjoqs17V3JhmREVljkucpKSA5JYa/wisdoZ8GCvtH+4v+F+NPjL8x/8T8G/gj8BexKZER8OIqgD8z6vU97vxyKgrXi1Nl/MdZRpfQuMDIomY6hgVYxBfdwV8DmAdqFCjPfAgXPC6yQRTtmcjSz7Shv7QKbZPbnHvcsE6v2JZoPewf7S/6X4w/HByS08fr8hid6D52OEM50iCMQIy/Mf/E/Fv2iqKvFB7vNx6M+bfAdoE/Vhr+KppiB85xn9aFL6fiaaR3mTdawHEM4lwNJ9sA9rqjkXJFnSM7SXRkpSOJTzJMg6DI8rgsssiHiyq6ysdIOsilfFwZcFmhP+wf7Q/9IfpfjD8x/sb8g7kx5l/CA3eECnSBPwJ/rUb4s8DYBO5d2CpD2NzDU2UcOws+k5bDiayxYwCL6746w58hEJN2u6gjFReqSFtq1LkoKnnIkzsevITqist0smVaUhz6NUaF/dE2ov1F/4vxx8fTGH9j/on5txFPEEb4bBn4Q3YI/OU7Q1YF/ImWLaysl1PzcZDYKgMq/7OI6YoQA8XNYwsexBG7c8tMSsSEcBRfS9Dd/WThH7a2c1dNIZdE/dqS9JCH3oIh0f3msQUPiKEflioMIsPhEvaP9hf9z6fuGH/YFzhE8C/GX59vNMkko8T8gzkkzbPlVNIw8SZzeWzBE/Nv4A80hsAfGFjZXQo3Ovir6JHt+ABT17QuqONWGR/YXTdXwfkjNaY+jmpcVccRkL7ShcP64PGtNOzCdBQJXjEU4tMISR4URGnoz0v0eV3d+VMqxNOF/rB/tL/ofzH+xPiLmSHmn5h/A38E/sJQgFeOV1/8KWSMi/a481QZgHOd485HJwL1Jke4nalVvwNsrucwlmlLRsFygX74EqYvwX2FUemQniJCf9g/2h86QqNr6i1FX4z+l9+vifEnxt+Yf2L+xbjJoUA3jA2BP/DQG/hrVcGfaZYjcG/HcZBcccdxkFpx5xK/ljeA3wHHBaIwIBYpqtjaiTkqT6EShgvBBj+iUn5Mh1CeEJ8x2dFPCe5cRujnA07YP9pf9L80uuRBBsNE+WzvxBwV44+PruVYGuNvzD8x/wb+yB/zC/z1Qsefea4DcO+0qdM2FpzWcZDpDHZOgg7h/S54radX+IS7011bYzibcrrgBUvrdOlJVxvAnDLoqr3p3D4jaA+QhuT5DOrQH/aP9lcdcAlY0UG0QVkdzPth9L9kB9okxp8Yf2P+0UQb869WmgN/CKypSTRfAn9hxniB4U/OcKrRjk6cKsOXU0Ho4ZdT9ZuC70EnjbC6XMdJYBIR+m5SbgkIZ/itlJ4wqYDMNJ/qiEkFckIp8BU0kUJ/2J97qqL9sXtG/4vxJ8bfmH9i/uWv9HSBP7SYFfhrtcWfRNOsfuvEVpmNcY47UUIft8oQO6OLtMBTzxuDCm7E4AlFKckED7tUWuMoIHl1ssH7JAUwh5eJEoEhpsd6e1o1FFwDOfSH/aP9Rf+L8YcPsRwv05DJkTHG35h/0Ay4Whrzb+CPwF+rF/4sDnjhVplpU/FyKiYHneNObO2/odAnEI2oioeBigPAd9ytkaSSlmE4Pgnwq55UkKUhiouq2JUDKujSR+bkQj8MI6tnixWmyyYq7mH/aH/sQrmlFH0n+p/6SIw/GEti/OVMUwyiMf/E/Bv4I/DXCxB/5lHMOtrxcipW3LmK3o1z3Dnd50gBci76oJH7+rzHEGwTKPgPV5mb06RguGQwREHCEVmoiLxUCAloZCk5RnemD/1h/2h/0f8wIHB9za8x/sT4G/NPzL++4u54grgi8EfGUbRG4C+0DMwbxK6aOmQUXiqEFxj+LOqXe9ynYY87S9bThwIBJBXIm4UmeCa3Fm1YYDIQTaOTIEgKuwvOQCltU0hHZNWRHy/XtWCDPAcduYKXikAL/W5UGgfmCPvDDNH+ov/F+IPBgGNmjL8x/8T8G/gj8NfqiD8LuNzJU2WwVYbgiB9gouNntOvpBUGnkIg/AkneOH/Qg4ue+kHQ3pvEUwBO8XkinqeqUzFgberSp7olASBe+pJI0kJ/2D/aH3oCO1ByqW/pFv0vDRYx/sT4i7kn5p+Yf7HCpQUejo2EHBgo0SwIJjRWBP4I/LXK4E+26I5ObJXRins+x13tXGihjkbPwgpoa8WLHcE7hhjSZTCppLiPVxegsDoU5SBUHG/nwnIUQ6E/7B/tL/pfjD8YdmP89bnHJxSfLNJ1MKmkuI/XmH9oQNkjT7Ix/wb+CPylB708oOSuwfDzEX8WI1tnRwfOcZ+mDt29DEAR/5j57PRzBB9fQfVrKho6fQ2ziVMV7TgclEzLRsh3ytQknBTwlnfGZNmhP+yfmgebixZM+CGqaH/R//IYIQQX40+MvzH/FHMtPDH/YoDwTbgcKThj+LNevouGKGIa+XEJ/FG1E+eYwB+peaiNPN/wr8+ByFoG7gRHvdzjDufN3o/Z0dnrIDutWsmkkZqXgpRUnaUFdH5UqUjlpXeGSnfiz1f4Gq8o/pXQ0E8jhf3dCmpBaDv8yTPan3cf9hDawu/0VfpZokf/i/Enxt9Kv4j5BwPG4BE05t/AH4G/Xlj40z8Yhdm/Hee4T5vm57j39CdYoD6eoAHGP1/x5IeDEYH/2juWAURK4nAiDZZMn+kaMLgKn55u4SGJDYZEj6FQCtTFRTlBPxGHfhor7B/tD+2AXYXdBI6twvdx5lD0P1lFhskG8gBNptU1eGL8ifE35h8OHvzPnsFBhbfkZ5dJdG7RivmXBon5N+ZftAN2FXYTOLaKlT3/MgdQX7cObJWZlrbK8Muplc0vnjlwDWCU0w8oTIFZj6vwdLy2wE+anBOQAB7SkSrFeDxo2rOskIrtdFydL/SH/X1LSG4YbGrR/qL/xfiDjsD/Mf7G/MNBEY7XmH8DfwT+Wn3wZ4GaueLexRV3uB6c407Q3XBCjGLKC+F4C7bV5KeOMoY+DSW4p5U/+GRSTjjpFLOCkKB6A7wnc+gP+7N9FS0UbaLiov1F/4vxJ8bfmH8qg2LhjfnXf1cL/FEuhaJxBP5aZfBnAYt0HOQ0fDkVtduNFXcBbVzqANCaIOnnKg/icyK+K5gHzjxU8C4G9Bme5OfxTMV0jGVqdwolkktmoALhKT/0h/0TgI/2F/0vxp8Yf2P+4SyJmTTm38AfbAhwvOUXbAN/wRirOP7MYyCOg+QHmAjc8XIqgDvhcxoeHGsLgRM4eBK1F14YpIOfK/QD+OfwglEgEuwTwIvHYwYgq5bfhlBiXCTWBToX/R5ujiPd5aV0lAFC6A/7R/uL/hfjT14iwaAY42/MPzH/JrwQ+IMjQ+CvFz7+LDByPlWGCFhbZYiWOegDZPMrp/QLLBMrO3YnCcev+wo5sTM5tB6U4v2Gq0C/kLUAOrfmiY90Dip5VZ1CqIUJQz9MEfaP9hf9L8YfDpgx/sIKcjH/wAzeJGL+DfzhWApNIvDX6oM/AZEdRvsHmLrUCPJxkA6g1SLSy6Q+dHoDAeJWUmJ//jKR4ziokOKAw79SpSAu7pwTW3DU1MArAO8jEQE9wZocxdDh7i+zZh2soNAf9vc2w2YS7S/3DRgj+h+NoAWHGH84eMocuLjzlhLjb8w/nMnROGL+5Qqkxs3AH4G/Xgj4sxjSOzo7fasMwHhPX0FOQz07N7y8YbnDV9nTJAC6ny5T8qREwg/E9kzLVbOWvGokojeQdLgShYCJwsgMvxRmSaXs0B/2j/bHB1d36jKpP+U+mnsNu1H0P1gjxp8Yf2P+ifk38IfPG4G/MCm8sPFngZDbcRxk11R8ORWU7mWc+lEwVDOBch3ogF8iYySBQumcpigQFUeJFcdg+W63Awk95avxkJECqcnjhN9JDv1hf7SKaH/R/2L8ifE35h+fa2P+FThIl8AfvuBJtBT4a3XCn6pvXtrb8XJq1zTh6G4cB0kanTeIsoNoFa+Mkc8v4pS3WOlDiGuDWCOGB5sZeA48EXqTcx0gJhGljtAf9ueAFO0vD9Bl3yj7m3enMhz9D+NGGmdi/InxN+afmH8DfwT+WpXwZ5rta/gAE76cmoB7L1bcHSwREpClwNSFv7qKLiIvnCxL/OCB/LOMIDyZ4EgjugAg44qqayAdf8RovAmswZNiUxQJtuC++YUqEZovadIWuRBeZcr6pc4vTANesesCAsc7UFJUKY7JyT6kbEQwMrsheVwii1gCMU9QsDeVn7FM5SnNeNQ+eVvxN8iRKbtCYCbwnqTg1qy/4BpCfxFXSqiSSj/kdm2yBcJQPgr1zyKNZfsL/WH/aH8+/pSdHr40rOiuiOj/Mf55o+AsSp83C/iew/wf42+Mv6v7+Jv2w5h/ORVbZdifCNw5LHPvOg58EUD07uerNwWodqJ3xsqV6XjmNqOBfSsgi10OVCphhMBhCiOYo8g1kv4H7r27milxN148Y36VWJWh4EkqXQ8CA+5ThunNf/CygdBlXr3slgWXEeIpL86Q2fK9iK8QfDhz6QnjFmz0VFjhp/1x5COINCH5+fDgqavJPFVOm+8FRwOhEqh4M28jKYUyMd8zc3GvA7hvqbyPRv2PdfsL/ah4Nrph6n+0+3/YP+wf7S/6X4w/aAODJ3/httHEXzH+jv34S9iHXNStg1tlpmOrDJCqjoNk3hDLl0e5vxDBwtEvWM7VcoDeuhBnEe39KTcoJfQUTRwK6qM6noVGlI8kw+l/ACvu/liQlZSS6WvW1kzhCST9lRZPcMmXykXK98FBUOAQr+eNjJqd2nCtiEj0ZkoZLnzZM9SjZFMxncVhPPPe7LKokt5MKcOFL3vyvUw8yOcswzMyZvqmXHGHY2BQjZRpn039e2pcx6j9hf6x7f9h/7D/WM4/0f6i/UX7i/l3bPEHURWAoYD7NLyciiC/nJoQF+7JryXeRAZaJG51AIl4AW8fzgaDNKSpOHLp20tKnNJU1FG/MoSru8H6F9w/X1FZo/PlUL6n5E23LLVPbM5LDeVfTu+54Aq3ysRV+eTV3anuFb1M54xNilNQXORn+YunhUqkyp0VkQ6/jM07ghSQ0HrWSK7S7o1UjyuvRaw8RahkGEo/adX6Zz7gGlPnkN99q4zzVa+Mfa71z/KPZfsL/WH/aH9jN/5H/4v+F/0v+t9Y4c/nxfhD/MWV7fZ2HAc5DV9Ohb88DjIjxWaQRijGODddEcsVUC5HwxHn8cNK/JopwfiA4hjDCIBzhiUCPACw9TrRKNKSxsQFLEzyPCWuvsddngYepml0/EmH+imLMLzggMiMQ11Efljw9FW+LJG5KOiFJ1PzPXP7/en0k4vbXlowCuX8NYjO4sAzjAZkCik4ipW5y6lg0+Uv/1DpC0HwDKMh6R0c24UV99Gqf+arq6vLTn7PO0v9qNAb/3izXXzxjxg9qu1PCmTvsWn/oZ8WYE8J+7sdUv/jmLoSxt9of9H+ov/F+BPj79jNP2x9HPV9jztW3BnqxZuPhJIZzBVMhYcp8pQBWA7gSOzIbQ/YOwNPAuXOhrgKD2XAVUWVmhCBALHoSPr5cmrV5fScs5Q23QuezJAJDDObuImf2WZcNVOMZXmyozcFmY4ux0oOwsutX6n9BVNWPR0fW6QCwpgn5S7rrypMCbJOJiQbkzxT/dRCV8hqCDRQxTfcJXNW9RdbZZBoRdc/8zFz1kz70jlnIe9l25o79y/2lhNPkEHchp7j0dBPybJ5Rf9ot//td9jONlx/Ay/UCPoXL3rS7rvvPnv4kUfEu6qUPxn8acs/2uNPzsDKrv8oPyzPwSa5sD/NUY5/oz3+RPtDw4v2l7tfag7R/lY2/mUF+NgHTwfOcZ+GVUyu0vYucyjGQSG/aEakqy/NZXTGlHS5ISPM1R6lyWRJd1mZVQCfQF//yuSMJ2LVKrGEwj+M/gX33yP25bsMoZ+qmhAzufIf9/QzfyKQjgjaIedPvx6Ann4jgM+digtvvjuVUklxcV7+TClUKL7gyfoT1SV4nmgf5oMu6/FQYh50G1l/M3vWVeYw5VvGgKaK/ua01bC2yiiDQ+l/bvXP8s/ca6adB+Ce64jGuH3uHfbmE95a2MU9o6NfsllgiqeD/tFu/5dfcrFN58lP7CdUKftKe4P+RBGte2m3XX/DTfa1r3/T7pqPd0OQUAMNMlxNrjSUi/pN0qHj+dn/VXBmnm4l2v/5Mv5F+dnZvPqj/pMdaBL0XR9ZU7egjTheJ2PJF/0/xr/niL9i/Bn78Uddm12fwL0LW2XY8XuWscN7f+ckTloO52GAoGEA4Jd3DRYcIJqRLAVr0CBKBiP/c+DIHkZTYHKFLoaTooKWwrw9mFbcqdL1u1ypSrIabylxJjJYcVyxdhxfDnytBQ88eUkbfDyGkVEsKj3PVD9EFEWmPzvKZFn5MjAdy+ZqnUYq80g+OslBoA0e5oV2Xe7yU8CQriKk8BYepaiGRrJ/ucc95xx3/oeA51r/lLgXgPsXPn9Wg/3n3XGHveX4tzaVbHT0j0X7v+zSi2z69C5Vs0oFWza0P205c0BeNpSy/Av+/qCdeOI77F+PPe4VQUuxQpMr+hrDqaILWgqnm/Qub/+/7JIf2PpT1i/qv7un1w565aG2bBkGmpWg33sO7MD/0Lci2t9Y1D/z/2zsH+VfsfMPe1TUP1oVzOrjD8aclTj/h/2j/a32/U9TNHqCXk7Nx0EmdJonCTQTn8kbbh5b8CBOQK4gIImcYL1AJ0EAYQVZ+Md3MwlOs3gSBVaTHvLQWzAkum+V8diSR4zDXhq4sbF8AH8tNUBeoV6f2njaDPlalUuKQn6VEIpxZ94Y5B+vWoGDjyKcRvpgx2z71NFUfhLpUrl4pxw2Sro03Si6mdVz6iCN+p/OSa5LF6vCTmxIWiVV/Q1MpYSKxEaOEriv+PqneWbO2tPOPefz3uZIwN88rLgLuCf7eY5GR3+2f2Ej6Bzt9n/ZJRfZDAB3Gj2vmueHJ7Ud0Ac/wDWWf1lfv53ynx+yP1xz7bPufzTvMyn/73/3Gxs/YQKyWLb/vfbd37qfWvqs+v8z1c9eMmT/kx297aghp7D6H/0pquigrpimfkblD/1h/2h/7EVl/2fferbzf/S/GH+eyfyzKo6/xVTUjg8wdU0DKEDn0geY4HNHExGiYughciVKxAkr/qSN9WF4tLcOXO4oErxiKMR7WvGg8yqNui54fXqkFhqY4ZTKxSHcrH/B37DHnUyISZ7Em2/D0RmPOP5fhry34PNFQDoEPwOtEqh4llYOERxsuEmIa+0KpfKSvToQeYJ8HVk/y6ny8ihNvp3KML4sq/JTLo9dkWNcpfzgyPanVwWhnQe5kfVTn9K6EKUePoVyCs4KR+EtPE05wDnum24JFUmPblknrPgc65/tjyvuXzznc2X7Q13Nux3A/YS3IS+j2/7Gqv1f9qOLbcYMB+6yIcpZ9D8heFYD7VwtP/yiuf1Vm6iX17/xGLvnnvsQ53WYa5nhXFOIVHxz/3um5b/6d7+2iRMmJlkuba99Z9uSJT2iMX+jqd8LlEu1Ytofu51+C0vjgduR9qKeqv1hX6kO/W6jsP+KGP+i/UX/i/GnMv9pHluNxl8UlTN3ejkVp8pgUtc57vpNmZNNo6tCtaqfYjjlZ/AtqSm5pmWBfvjSnFZOblUp8JOP6UbQX2yVIVuRvaw/EapimZkkV/gGiXTiCQAyAXM/AXoLwTkjyEoQzVD+Bxr4PC1iGOmXdGX4melnCgnMwF2KKRX50OdQXR+QWUWHUqUL8p6zIsqz0J/S5bI0BhsMmHQ23ho5GvV3zcA57rITb4hbgfVPsbPwcuoXscc9qQClbnNv/4sddzyBOysRt1HUD+lVFQqNdvvninveKpP1n37GZ+2yOT8u9E/EyvYWm29mu+26q73mtUfalClT0KKa7A/ux554zA465FU20M+f17IVaTf4GRyh/1W4i5S0xnDl//3vfmUTxgO4s7+x/0P83vvtZ0uw/159oJAyOvpHo/2hCCu9/pt1Vpq4cjOc/aP8Te1fDTg/XFWtGO1vNPp/tL9ofyt6/m8eC0eaf1bF9schjCMXgHs7joPkijuOg9TWU04DWl5HXwZ45IRO1iJFdW53Yo7KU7iEeSqBB8Jh/5gTTUlAKtWJjX5KcOcyhta/4F6suNM1JnHaEOTM5nc+p5r14Y8r69RA51SG4COQR1YYm3/kpU/7+MiRwEdiYvIGl/VlYg7rTkAEWXoI4IWOypQrLz/tPUAlArvkSb8BKBETuKVcVGkzj2EJPL45nDQrtpmnOVVZh6Uvyyvug4UoiuTpm6QPMMHPMOt9RdU/BRK4n3c2TpVR8Xmp2+3z/OVU5vjFO+9shx36Sps2daq1tLXZow//0266+c92+eWXWz8elpa3/U2duqEdeuihtumMTWyDDaYAbC6xBQv+brfccqv94spfNuj3XJhtPHVj23qrrZAnrwe2t4WPP2Y333Kb7EDdQ+nfaaedbPK66yodc8jtXL///e/9wRIFveySHxYr7pINO3z6MwTuP0GQEt3WuXTkOQx5/9jHPmxtaNrN9v/hRRfbWZ8/h2xwrCUZM4Uor8XWWGOC7bLrLvbinXa2bbbeCrYbsLlz59mNN95kt/z5VuSNpXPNVf07p7KQduqnPmnj28c16P/YJz5lPd1LpYun38ybNy/JEQm5cf3M9cQ117SXvmQX23nnHW2bbV5k/fi1bC74b8JLt3+69VbZabjyU9potD/KLZ9tBpe/+rgd+ld8/w/7R/uL/oexjUPPEONvjD8yDI2zSo7/PuOgcB0dnTZ12sZoAjU/DhKgwX+Oz1Oo3zW9Z0DJAM0iIkTpThrFckKHEy/jxOy0pqvwKMCqQzvkgOwj6H+QwJ0q5IbSX40DY8FbpNDGF4YI1fVQAn2ciX3lHRtjEkhmrgkh2gBQ+JVYseEOguzDWC83aGRu0MU4EPx5AJFNLvFSJtPV6/yeK8ufgL1s4mJboJ8YiVZthcAa3p51u4Gg9BTgcnBNLulPejK1+Z7leA0n5oos91aulTgpVbhRf9cmm7uaUah/1tesvbHHHcC9qp973I9/29vt4h9+3zbdxB9CZf9K+fv6ltk73vVuAe9sh6Ha33bbbmenfuJjNmOT6TBr9YEztRds0OzBS5ZzLv+xnXnm2SCW5T/h+OPsXf/GlX84lh//CcJ3n7k37qlfeKyzwH6s8xuuu8raWts8Bpki7V3vOdmuvf5G1HjdLuWpMnw5VTZFIvw/7YzP2GWXYcW9ol8KK/1vx512sG9/8+tioXBVF+4LFy6y2Qe+IrWjxv7HB5UvnfcFPawMV34K+sc//mEf+M8P2x13/rUUjAL/4mc/sfXWw0NIKr8Xyq9Zf6bR/rvuPgvi+GhR9v/NN9vMzj33HORhfZWf+VDaSvmp9B8P/dM+8KGP2B133OlFB99ojj9V+6vQylRZ/8329y+OkWloN1T7G2n8C/2wtTZI056wa9h/xP4f7Y99M/rf0KOPm8axXuP467TnH/6L8Y+zpA971tGJU2X4cioIPfxyKlEiX94EReOi7p7AaQAziNB3k3KLQDhP/0rpCZMKyKQ2igVA5iTc4BhNeSIiMIL+BffdrfTkbxaT8ybpRXzhcQVIyCZaxzYBraQTFgBQSX+rl5kr3gNcpkz5aaNG7CrQnnSIq+Nnf21F17aWxEY14GPZBuuHLCogbksZ58q6kqTkTAN47kCKAw2275AjV5PuWQfutX4IG8c8SluSMpz+xMP0SX9KMPRNfNWoKiHpqJIKVo+bgRV3jZVVQ3gBn3P908YzZ83yFXeaNekmcO/t7bYXv+QlqFFw5fzRQ2BLB29//zI76pi32N/uvddpvCJa9Q/vkUccYR/90AfSQxzLw+iKXbMfEWz/99zzN70Uy6MXydeJ7Sp/+L/fUKrkeoXW7OOfPNV+9tMrhyz/LOzZ9weRlAjtrw8ry3vM2rvQT+C+CV9Oreg/7bN5q4zI0s+23VB+8H/i4x+3w151iMpf9r+6ve4Nb3I7VMp/yvvea298w+uXu/zM4Pvxwuvvfnd1of9XP7vCJk+e3FB+loy8Vf2iIdUuu88s7M9Ep5z8bnvj0UcnXlKGtz9rllX8/g98yK666ir17ebyKyNkXAHjT7b/WI1/od/bQtgfLYENPTv2LfSTofp/tH8OcDBU9P/K+JsbDu40D9oP/ntgBPwV48/Yjz9FdXViq8zGOMedNYdFSS2UsRJbsLrF/d2o7UrlIgZhVTSZ4CGoBJcc+wdddbLlInVuGB6fCQwxPQYc6oA8TbruHVL/AwDulC6X9Ls2J6UYBBRZsiWKczEWL8px9Y5sLCNAey8C3fU+e3yg257CvRcgrw8la8VDDOW24Yx7Av4698QD2DOZCqYSuGSWxe2TBlEUnINpc/kHMPMIU1IuhLfgZdm2Wqt1tLTpPg5r6+Pr44xrsG2wDXNAf63oVAhQP2ewBv0Iyg1d/tI+mY/3UkaOL1IXnsxfIcjrYV7pmJ6nyoxW/bPeZu2VgHtFf9+yfmtr45lAnh+1KYTyNh3my2PMurt7bb8DD7TedPapeGHjvWaWW3B8YRcxqf0XC73pQUDykv6/3jXfjn7TW1h8lf8HF55vL9pyc9V71v9HfNn1pHe+W/HiUoPwXJ195mfsZfu+TBkUIAH52htusPe8+5RC/6U4DnLT9K0FtS/o+vTpAO7Y/vN0/a8N/fu6q3/naplJ5gL6L7n0cjvjM3jJF5Zh/zvm6KPs/e99j/d/sFT7/0jl78dD5D77vxwvnC5V+X7x8ytsyuR1G8rvJZXmQr8UQfeuu+1Z9P9j33iUve9kz8Py6qfUZeiX+yIPS5EHLyFbCi2DbuLFLeo/lz/rz+Unw9ONP5Q6luNf6A/7R/tL8ymaAsexpxv/ov/LTDH+sblwcuC1Mv++0MZ//RpCHMKtMtwPzPIIy7BsCaDI60UtkQ+JVYdZ3XG3elIlLcNwnPX11SOaLfOAhFmSW0U0vWYUqwRkYwT5ixTyLLg/7XFXTLokkQVpyLATOfGpqyfx3NOOxXTte3/Cuu2uRxbYdXfeYg/86yF7bOlCvKzbg+zXgOuZWTAiw5SUWgB9yNczLz/LXE8orb1tnE1on2BrrbGWrbfWOjZlrXVtA9y32HgTm1hDnPlfO1S1Ib9tghe0KQgVkzIrciOUv7Bm4ilYC0+WAcIQ9m8od2LNVZqD/nJqzhioK7D+qZ973M/lB5iyk3wG9CRlTz3le9EnrbO2bYitFkPpf+/J77drrru2aH/t48bZb399pY0f3+lSU/vj7d7777cbbrgRXy5d31784p1t0qS1s+bEW7Ozzv6C/eCiixCu2eGvOtT+6+MfgZ9G5a1m3T1LbdbLZjOAPxSC5k3t/6rf/MrWXAMvcNJkyb39pHfazX++RSGmmMPjIAncwZPZTssvp4L4dP3vkh9daJtusgkklfpv/OMfsXXoPZAHiSjoH67+7aDyL8MDET/eNPe2ufiVqUUn+my00YbKV3GBfu6ZP/Ns7pmv2QnHvRl1NEu6dtxhe6Wr9v958/6Cc9yxNYzlR39669v/TfqZjT9clfKQ7E8dfCibjzzcdivygAfsvVD/DXlIRvnBDy9CPXwxyYKwiv2r+mXBiv1z+am/cBX9yWIursqTmZfD/qHf+2ZhxLB/0f+j/aFTqb/lDoV79D8MUz7YxPiT5rzCEJV2Qu9qNv6yVdAUOMcdL6cCFPAhpBsoNttHd/YpjLmcZPWQotnNn3IdBOd1LYmCNA1DecqUxdUHs1AqlKsQUifNGcoxujfpfyB9gGmwlJwqx5R3xVSiOYUQ5LXgH0H7Euh/3Hrsqr/eZFde81t7sn+J9WMf+wD+Wju4H4ZlggBsqVFphZJI8X+NJW4M0VzV8ucyypieDcebzJ9W9PlLQIu14q+t1mabTp1uO2y5rW07fTPbqH1d6wSIHw/948COKoEY18da04utoBU7eFKZC/1MAEcyc57rSi/epkGC8dml5IkzUxvvmcelsnT+cirpck3lz+Qqfx6ks22yTN2Zvqn9zcI57vxyKuNZjmxxlvMd73yP3XzzzYqjLh4defZZZ+JXE9QXZFEH3Q8v/pGdeVZ6ORMJ3/3ud9lxx75JDFk/Hyr//T3vteuvv6mh/X/329+0HbbftkH/woULtWecAviQd901V1lrK2qC+Ycc9p2j33yc3fXXuzwDSl2zjTfe2K6Y8yMwkBFRuC1ZutT23md/D5KM8s/Biju3yrDtgqS/TwO4XzrHV9w9MUVna9APx/SQ+4mPfsQOO/xQpfOIOsDw3+wNbzxWDJthT/mPfnih83syAebXHXW0PXD/gw3l//yZZ9h++7ysofwE1pLVpP/qq36NU2VwjjvykO2/N85xX7JkSdKCmwxUs8033dQuvujCbAbd+7GS/prXHW0P4gNS1fGHv1LsozyU9T9//j3Iw5tVRppSLpWfaSuFR6BCSPppV1JzjO5M39T+yEEre+8v9SMp3ND2D/0yjSzkl2xlhML+aDZlu8mWifYns0T/i/GnYf5Z3cffPE9pj/s07HHnpNPTh+GCAI+jBh3uwhTkFmpgBBnYmjDYIEgKhx2HtQjQFdI9WFzJj5VmglMHj1VezpJgGEF/ueLuWgu58AymVGPdT/EDyHQLs49/vcjLY4i6/uF59v2fXWJLsU3GxoGJhWY+cBuy/HzREBvdn1X5kYjbb/ghHeZHGadtiWxS+X0/Pe2EHfY9fdbe0m47bbG97bvLHrbZGl22JjI3ATJae7FXn78G4K8XjyH9yFM74loop5/lwCYbiJVLdu2HXm7foWpuvyG5cCRmfhKbw8Mylqz6ABNlMG2zA+251D8NPmvWXvbFs7HFgy8aJB1U9zHuI//Zla6xov/Tp37SDn7Fy51O/ZBxx+132puPP7Hg/elPLsfq/AaIBEOy0+fOOtsuuuiSQfXf1taOFzB/bJPWmdSg/zVvOMbuvfdeyfz6175ku2K/fdVdfsUV9qlTz2go/8nvfbcd+6ajkxyWp26/+u1v7UMf/pgnRXZYf9wqM4MnPyHvzCC38Jz+2c/ZHLycSsrT9b+3v+1EOwl/ZGb5+dD6yKOP6lhI1vektSfZyw88QPpz+W/+05/tHoD75va/3npT7Mqf/rjB/o8//oTtf9AhZdNJ9vdz3CeUZoD+vWbPxgeY8EtWtfJAnzRpHXv5AbML+zPRzTgN6G9/+5u6RnX8WW+9dewXP/9flYd8VPfo44/byw96JYNOoGGaHcv/HMafbP+xGv9CPyuVHXRs5p+wf9g/2l/0v7Ecf9LUatbJU2WwVYa4kR9gouMqbJ3L7HlyFdGDSsj+Sw8unIDJr703WSriNeGLjwFiAgJdeAAc/MZIRhGIJJooZBla/1DHQUqF8qkMuQQnevYFduhlJhy4k7OGFe4ebDB/GLSv/vZ8m7fgL1Zv40/4hEFgJSCWXNwIrBmEUxzD8nAl9xmWn1tkkFaWoxeb8FR+iqRM6CcmrfEYvd4+7KsHUx94upcBrHfaTlttZ3vvtLttOWljm1QbjxV26Mcn5GvY481fELjTu5XzGpLpDFXmD/K4Ik/HPX+sZhaHq/MqFnmpE2E52N8zkwlNd0RnZveWBAH3lJxilBEIXhH1z+rgVokv8lQZZhZh5rsf5d9jJlaBE4303P5e/OId7Vvf/GrS7/l+HCvkB+BUFbrxnXih9KrfNJR/APJeOnMfxEJQdkk2bx/HCvbhWMHO+iHcvnvBhXbel78i2sw99rDzzsWJM0zOikCiRx55zF5x8GEK5/b/4zmX+Ivhau9is6Owajz/bryEXel/l/0IwJ0fYKI4/NGup6XjIJen/x111Ovt/ae8T1mhAOpf9ARPljkIweXvf7Ir9N90/bV8JlT5KGvxYsjaH6fUKHNOp/2v+j98gGnieGXa65/nuO9vT+FXBf3SA9Zno5/l/+ONyANV6VK3J5980vY94CDlSfkEnXzZ/iuq/SV1XhHIwfLYnxkN/c99/M/tz+sVdRv2j/YHC6ws/BHtz4e96H8aesZu/GE1dHRiq4xW3PM57mlOQrYclGJywsRTbFPXzIXIihtMKinu49XRrsKaUEGiYAJZhpPLUQw26y9X3DP3M7tTtk+00Iu9EN1AyPfVFtup3zrLFtlT1jIBMBhRzKMmW4FyTs4INmSMDKUjP6OrLtP8zmul/AgJWBJFk86oJB8/RiTQCRiOl2D56wT3AmNJXavo41rG2cS28bbLVjvZy3fd29avrY298Nw+AwgEwMmHALypqZdaJTNnDKr6qQ5OWBL+hjJ5VM7G4FDKX4oY9ibgLgu6YqrE0IprpfxZ1jOsf4ppPIXFs/GPh/5hrzz81ZU8uVYS1pg4UQCyqv+JdBwiK/tF22xp3z//O0XanDVuvWhufyoGOKdPn27teLDKjtp++WuslH8krZSD8Zqrf6tfsxzfevn3A7hdvHixAGV7xzi79uqrdbynjA4ZPKZxPzxQkJsu6+eK+yZacXc6r8Ued/jL0ub4kkLfu971Tjv+LceIUzEo5N8fegjbZ147bP/bcMMNbL/Z+9jUDTe2tdZeC+9grGlrrrUW7IkPPW2xeVakO8u07/4AzYVz/VxxXwMn7VTr/2XYKvPUU3iJVCy4jND/N9hofdt/3/2wpWgjvQOy1topD/zYVCUPFLUQedivyIPrZ3bcx+uKaX9DGHsIUujPI2LYf8WOf0M0tiFI0f6i/Y3O/DtEYxuCFO1vtNpfYdnOjg6c4z5Nxu/GKjTXm73KOe05uPPVWp9+CXw1HQL01IDmnQoSyMJh8GRa4mSU5OMmHgFGT6IV3xzvKYfXv6C6x12JcsokjKWqaMux1buvSiM/mMefwp6Z2578u5170bdscR3AfQ2uV2OKzwngZ15VHnjcaCTAN6j8oANAM/dF+QGi/UzUpvJTLkRoxw2UEWu7nsRPtIe/Vrw0ydUEfvyGJ9owYwTxrXxhtWUNmzF5Q2yfmWXbrbeZrWcdNp6r8yjTAE6pYV7pBBw9a1qRJw1HwbvLTClYtd1IJMVRhioyCVGYe9w3L8tPFvylKE8GgpIlugPbzEfLDV//lDUTe9zPPefzDfafhw8wveX4tw7b/vLqLDPAqltE4H4AVogRPghbRM447dSUz2pOyQ0nkpfCr4mnqf5vuWWunfD2k7h+jX81++wZp9n+s/dtqP/zvvRV+58LLlD5jzzicPvoRz4ovVRD2dyzfvoZn5NK0uhoq0svvdhmTPc+SunkPu10bJW5fI50iRFkli3rJy3l1E779Kn2ipdjKwxp4KHMebfjo1WwWdX+a+PF28+dcbptt9221oljYj0BrmysSVPWT0G5/y8iaJ590CD9VxXAnTl2txdW3JcSuMMxf1X9lL0Otsx8BrbbPudBhRhZP2UtWoSHB6y4D1X+bAfy5fLLj0uz/qdrf0OVn7JYmOHsH/rL+g/7e/9LTSban3cdjQ/sW9H/Rp7/YvxJo2ll/mFfWl3GX58JUd4M3AnOe7nHHc4nWT/mUWcvg5wn3jwJ+Z1UX8lSQlxIx85q3Ct0IgWO2HKlBP58zG0hpFB/+fM5GQfrJ3AvU5d5kthBl8zJCPfzigMdVRaC18XI442Pzrf/+fmP7LH+hdY2ntM+5OqS9u0zfyiKsEuWhHixSFKlnIr3PcTDlh/CCeappI4Vd5kG4Nx/SodURtEW2KqDXevwgx8vOvJlR24J6ccpG604NnLZ0mXWga0yU9Zex/Z+yUzbq2t7m15bAzmQCJQMabVxxsGcqMx04dIwCX10Xh7352um5XuVr0rL/LxPw3GQo1X/lD8TW2Xyy6kc5Nn+eFLJW054K6NVjmb9N990DSJSQcGxECBvNkAebX7M0a+3/zjl5GHaH+sKSVHYMrX7vfyun5Q777zLjnnzcYX+rbba3L7/vfOVJ6/kmv31rrvtjW96M2g1++9vfNX4xdRq+z/ssFfb/8NKuOsq2/+l2Crj57h7+RjPl1Pn6Mupze1vcP+78meX25T1cMKOnOf8qqt/b+/7jw8W+vfZdx/77GmfsnHj2ir6l6/8ixY/Wax2U3q2/9W/+41NxOp4Lj/V773vbLycindJYKnm/r/fy/a2z5z+aWtHHmgjLQugsMtjfz08YMW9qp8y5NTJkl8c9A/W/3TjD2W59fKdcp7e/tXy55ShP+zf3P6j/bF35V5bjn/L0/+VEJfo/+X4my0Z4w9aRWX+d7u8MMcfXwhGedpxzvM0/gwPfw9XbDnZaY5zP1emfcVdJ5Irjh2JTtNfSuKhNIkpIjN4gGxa3YKHNiRgoU6Yzxl1S37GJXpV/4L77mHEs3KUTOdFxLGKyMRTEH79Y/Pta5ddYEtbe6zWgfxz824C1iyT9CvDlfKzmBCYQZ3bi5keovzcDkOQjti8ukcPFsXFrv3t5NEyf1l+Av9WHBWJ5XatuNdwyg3Pe5cQXrhRnYXB/pdJa65r+2z5Ujtg8x1tSuc6eEGV+vjw5NCWOdPWemRPdcciMjNySaduyT+ITkI1TgxDXhpeTqVidZhK+SHm2dY/S8OtMtrjnrODO1eP33LC26BsCPtD2c03XlPmHvxPYE+29rjDP3v2vva5z5yeipeEIt/8MmhR/6xoyJY14aVdeTzkP//5T/lJufa6G7B95QylQbTk8YjJtdfE8ZGp/gfwq8lue+yt8t+Ak2d4DGVu/488/Ki94tBXlekRk/XzA0wzZkwt9SOKW2XmzMHLqSnL5B2q/FzB/vUvfpqkeb5o/y9/5av2ne9cIP18gPj2N76mfEoOReUUMGlfX7/19fdYT3ePLe3uto032qiIJtuiJ7lNhe8MNNqfp8pM7ORRl7mUAO44MYd73Jv7/0477mjf/tZXIQPKm/ST0LesF8dILsPRmt0C/lOZB/Kl8vvDw4Fl+myXFdz+qHOsxr+i/bFsXtKnrf8V3f+i/FH/0f6j/8X4k6afPM9oMmqc/3x+8kmKbIRc7DvPBf9AmpahcI57B4C7/wzPL6dWNr+odZJrALOsfsChUmjlKjAdry2clDU5FgQkQAzpSMVsFw40vqDqqb1AOc75RtbPl1NZcOEoJKQcl5a0OCFFDNbPsjFPcsjjEljyj4vutXO//w1bNh7ArAP6oSBPkOQjcFf5WWb+Z/ml2dUMLj8Sqf4G66dNCtmNxU+1Af3Il+zLstAhXMf51a366BPgPIC8lx908PD4wYGeuk3qmGSztn2p7bftLrZZ6zo0jKAm1y75jMA88SFB+lFuVlmyBGMLR7UNdJa5wvt09u/abEvleTTqn2afORMfYPrCmcil25f2nzs3rbgz80SETe3vZrzIKJfa3xOLuFXmYMnYfPPN7OIffM/jUXLa6DGeUPIKP6GE1f5s2/8HP/if9vrXHJlk4wZh//H+D9njTyy0b38TQLnivnP+9+xL2EozVP+75DJ+OXUai+ztD3II3C8FcB/c/hrLz5X9F++8k2tK5ad59pn9cuw1f1L0C7HHf+utt4Lfy8/2xfPwebLOr375K+sGYFabT/r5IKRf4kCl/oWL0oo74qv2vwor7tzjXjjwvmyfA+wpfSgJSlI/Yrzn4UXeRhkFxzyceebZduVvfm19vXjJo1L+P95wDbLr+tkn83adqv7U2l0Yr6n8zCbLWtXvKkcef6r6KcGLy36YMtxU/tCv0Yamchf2RxPMs0e0v+h/PhKxc8T441YYav57tvPvqjj+FqMGV9y7uOIO19OPi4AjBpeCQ1HFhXCpBRMmAdxgp5kL5PTkAZ8aJMh86bIkk8+bqsMv94s0gn7fKjOoOiAruyw33xM9BQlY+MIfXR37xpdg2fn6J+62b17+Pay4d1tLJ/KRfnVoLH8SgGiVHxkdrvyAEuB5mvIrD5jUmB8shWvrDDNFM0g/6IjTII9ME0xqtR2S++vcKgMdsGdxJCIyO9A7YOusPdlmb7G7HbTJjrbOxHUgjsdDAkuhXlUe3LXSjn1Caf0YsU32lOJUH4htdg311RwJWV2bEAA+TfnB54Wl9op+qh2h/qmOe9y/9IXPN9hfe9y1VYZyGxqaTHrzDdc2tL+Fi3DuuoA7Tv9sb7Pr/nC1+Fgh2haF0C57zGTmBjnmd3nb//pT/OhEysnt//fXXKMXVA85GCvUpKe2sP+BBwMALxyy/Jdd8kPscWcf5aTv+vXlVAD3RtdY/te++kj7yIc+4HoqZrn/gQfs1a89Skkpjx8+mjCep794+Vm+V7zqCHv4nw83ikdojz12s6+c94UG++dtKlJUsX9+OVXlTPoPPPhQe+yxf0GStzHqZzv9PU72mTChU/aXfRF98CuRh4cb80D+WXvi1J4vpnP4Uw49Dy9HqFLQrKVif1dLOzXql5jlaH/Uv7z1T5nSEvqL9l8YJOyvJpfbf7S/1FmeZvyP/hfjz+o8/nI+4ezlx0FOw5dTEezGirsmGlx4lnieQPMqc07EFbkMXCmEU6WEkQGYjeDQ4x1o8JonSng8lEjUyM5IagHhhtHf8HIqBcE1Sh5MqMYTTvKPrgXA/UkU5PrH59u3rrjQlrbgozDtVOzxKj/zJjCDXKJMggRgYTEJ8Oghu8qfPctTfg5OTI+E2rPEOwB8Lj99dbwo3FprBY7lKjtikA/tHab+VuYAuhPoEz09cGzQub7N3n43m7nlTrZRbU2d1V5jepaFGrAircNskF/Wo0uSOMSWYa3OkwGuShehcmmO45dTR6v+mRvtcf8CPsBUsf8deDn1zQTuZBjC/n/CCnFZMmyVwYr7/tzaAX7aZc5lF+HhFUeiKuSsP7nip3bqqafpgae5/e8J8HrS298mbpaf9X/2uefZLbfeOkj/FT++FFtLcEY8uOm4itzd22OTsYWFJFIfePBBO+LVr2vQX+1/l16MFfcZvuKuNEiUgXvWz7uEofx8GPnQBz9gRxx2GGSyVI219LFPnGo/55n30o8+cO3VOIiID5y0BoqANrfrbjOH7P/nnXuOzdxz9wb7P5lPlVFiiIVB2P+5x33ChPEN+vWC7vn+gm7WzzzegDy04jQkiuClf9mA7b7nXkPa/8vnnWN77La7+HLJBNx5HOQQ9d9cfqVJCXO/YCvP5af+qv2b63+sxj/aRtlm/uhJYbY/BckQ5S/aHxvIUO1fNtSFHM5DC0b9e/+P9o/W8DzEP9H/fZxbncff3AbSB5gI3PFyKoA7h69kHk2MPkOwQ3sSTRBp0AOjWAk+cZaJeDwKVyzxagIXD1MDgGK2KVaJlRgXifVUzkW/h5vjHrjvbk+VorOIKtGjcOUSM2VXHMGotpwjgi8CLUK+b1h4t33jsu9az7g+q41DMgrQhekRQAemoBoKQ3DNMjjyFVlZVb6FxFlKcuOay08C04NG/ULLPL2Hq+CccbmPBXpq2A4jEE+d5EN6ZYNHzyi9DEUpCDMvsPkAP8AEAcwj37Ylrdts6nob2yFb72UHTt/eJrRixzv1YZWeaKsO0L8Me63bWrmJhpLpKLNqrGq46hfzYHaRnY8vpzaUn3G0BXQ81/qnYgL3c3mOO52bxG6//S927AknICjNfs32B9vNN1wnmvSjzhdqqwz3ZMNBxnFvfpO9G0cmploC0cvytW9+y775zf8WE+NIf9k+e+MlztP0EmciKd3b3/ku++PNf0opkT7pf+uJJ9g7BPJT+TnqJCctCJ533leMW2Wa9bv8ul2GPe6b4AjKom9C9iVz5tg111wnSUy35lprANzPsG223dZeusvOeoE5A2gWMtv/1rnz7MS3npSzoPL/7+WX2pFcO/YAACCJSURBVEbYM17Vf8H3fmBfOO9LKIfbgnGnn3YqPtQ0W2VLimkSW4wz1PfZ/8CUniK9/L+88gqbPHkyWEv9j/zrUTvllA/aX+680/Mgs9btf388R3vnizIizQUXft++8MXzUnq3v/JwwAGVtC594ZMLtc/ec+v6VX5yrsD2R/mpkumTf2WNf1QW+t3maB7uYJCw/8qZf6P9Rf+L8Wdsx59ijs6nyrBTaqsMR0ROdJiwuY2DflUW8ivM4SS87MhG7KMnOeT3uVVUhTXpIwET8j/TSj48wpFpVV9DMPnowWUY/Q+m4yDBCS6/KmmD3ym6koVxFbAEvCw1TL8QgPemRffY1+dcAOAOxNsOXqJpoHuVXxvcwcl8QQYxMld6WSyuT1bLn3NEjWQvygnfoPJjnzpXxrhi3gKwXccfHwpoE6Vm+ZE3fuWVeZF+xBB7Uxz+YzUe76diVZLAvUZADhoZBvAiYWutzbZefyt77Y4vs23X3xSnz/D5AHJwIg2WNW3ZwDLp5Rc0+auKO0mAN4UZpH6mc4Yco7BTq2ndz5dT6Rux/G7AclVD8qFFInAZpv6Z1Vkz8XLqOWc12P/2ebdjxf1tnj6Jqeq/+SYAXM+UyqOtMjgvPa+q1GDDX/z8x7buulgFJyMNrjzWrQ+d4t4H7tcHfqZ3TbP1AERpj2r9P/rII3bQKw8vdLgql8HtH1f/7reoXySSIUlH5ScVqGnbc+99rRer8Mpj0l/tf5degg8wYauMv/vglq/qJyW3RWiRmGr5c/tbitNcDjrkMHsKQJttLZf/o/ig1JGHY08/M570s/x9/X12113zcWY9ttNBfyfOnqdtmsvPDzDtm37BYCTFUP//fOvrtuMO24EAihOT/AF8pbnXluBYyAPxxVXK+9hHP2RHHpFezm2y/1/n320dyMN0/OrQMa5jkH7miC+n5g8wZf3+0MEMuf7nOv6oq0AcszcW41/oV8MK+0f7i/6H8TmP+cX47wNfMf7G+MeZZdUa/zmTcQpKH2DqUiPIx0Gq5lFk3v1lGhqAQTYWzPhKSshB/JnjEOCMRh6AUKYTg0eDLhPqivVicCE+gSMHA5DHMB3F0FEE5FAr3XBbZRinJFlXTs+IigNckiyBWPAugr7rn8Qe90svsG6uuLcJTacUYMB/LyVygFmzhSvuAyug/BSdbOVvjrKgQ5QfOSn1kyXZnyAfp8nUAdL5hVetputhAHkcB/q4AevsGW8zN9nJXrXbfja1dRJOfsf+eB4liWMlCda16k7Qz7qEFl15oRvGfh7ZeG1IggCB+2jVP3M5c9Zedi5fToX9mE22P+5xP+4EbJVJNm3Wn19O9bzWbTGOg9yPe9wr7W+rF73Ivv/d/xHGy+Unv7dVT0n9dT7Y0f5Jf09fnx11zLF2/333D6v/h9+/wLbEB4Oyfs85cg/9d91ztx39xrcgboj6Bwvb/6Vpj/tQ+pe3/z2Ej1S96bgT7HG8eNvc/7bdehs7n2WnPehoWDiGmsvP9l/jrzsV+3Obymx+/KjJ/sccc5Sd8t73SFaWR6nV8u+yx55Kt80229j3vsNfN+BG0E/784GXMsiWy8+PQO03m7+ioI5QP6Mx/sj+Yzj+hf40/o3R/BP2D/uPJf6J9hftj3OeZumOzk58ORVbZTAY9vQVZETTIUwu3ghcMbErEUic4zPoyzxMQcf5W3gQPJxEW0BQOhEdoBQvR0KuCyMz/IUGSmJcuoHvwXvTVpnE5VJLHqZocBKZgQJjPP/Uwt0lPFPjusX3ALhzqwxWPLGgqLwwHwIxpWyd7ML0lEk2Lpqm8uQ8giwwwXg6RnPV3MEPKSCgHOqA0KFV2Fz+Qgh4soBcfq6OYlVe9mfmKYk8/DAT8sGvq7JkPG6Qp8/YOOyNXzJg602cbC9/yV528Ka72QSswreRBwnboJP25wNM6Sgwh3MGKuWvxDKNc6c0laQC7kgm04C+Iuuf5ddWGay4s/zZ/vPm4jjIEwHck2P1VfX/CVtl3CkRPsC0EKuzB3tps/2RYMftd7Cvfvnc8uND5EhlG6r99+BowpPe+W6bN/f20nRQ1Kz/yFcdZh//2IcZw0wjb6wH3CH+0/jg0hx8eEkZZkIp9NxKKJJchi+nTp8xffn7H5JTEkX19S/DyTC/to9/8lTXgRjp5508qfyHHHKQnfqJTySbMoIOHE3l/yxOmvnAf5zisTIyTnTRgxCAe3LV8l988YW2+aab5hjpq5Z/l91nQQftUrdDXnGwnfrJjytLnmCwfmaHp928/5RT9CCd8+hHUnoeqvpXdPujfrpq+8s28hjEIdvV9reixr+xHn9D/9jOf2H/sH+MPz7Krq7jL6YWRwjtOA6yayqOgwSlm2eDa0JHBwFBp5mQTX43mF+dpigQaERHASUPFXCFm3c6TmSE0D6jkeKJdMVF+IHkEfQPteKuJMNcXEOKZEAuKxuwRdB17SK8nHrZ+dY7DsfNjUO5GY0/5tW3Ejg/7cE8MtsaPgSymFuEQXNPuqfbkOXnaiCwNVAYEqZHDz4EgEQ5hSjZnKAf/PQjXo6MKaS9nb1YdccOmBaAdea3TiQPacxrDeeEb7XeFnbCbgfbJhPXx3MJeHQqDR4CxEXp4MtK4a+6YchVlkF+neMOKrM5ZPmljMlcetbP/NKvvMM3XPubxT3u52DFXRr8ehP2lp/0b/+u1PlS1c8Vd6rVwyI8jz72mB2k4x6T/RGX9a+99iSAwvfa/gfM1jnr5JD9PXMS34NtLRdddImd9+WvwuZ4eGIcFVZcVX8LfhW58Zrfo5LwCJfKzzbEoz13n7UP6g85G6H8l+HLqdO7uirSS4XUU+gHuRe/ACxZssQeffRRu/jSOXooGEAeqZZt2iubolyGrrhQ/y677GKfOvUT2g7Ugncu9IJyKv9D/3jYPn3aGXbd9TcYj2KkTeh4XcjVbq64Vxzpuf5fdegr7fhj32RdMzZJYJvamSGc3rP7TGUpl39X5OHTp/6XTV5vivJUtf8/cMqN5+F65AHvLUAJ9bD8VeDObFT1K0x1T1N+sCgldQ7X/sTCvKcMZ/1S6JG6hv6y/mmQ5Wl/YX9ZCk0p2l/0P7QCDGyaoTHWaIzXyMJLjD+r6/ir+YaX9nac4469u2wL3QCApNGJga0lTVBaRSpj5POLOOUVj4++HHogA/AQQFJ7uBO9kjDpACWJKHUMrT/vca/KGM5PdV4Wz4n8JBZlwpYJEK97Yr5948fnW08btsq0+wq2+gV4CYT5wifDfKmTXkrVS6YZleTMe5R46R22/JAhMdgvr8kMcpitAuWk/JGHMoayv15FIgDH6SH1PiTtxTnb2AJT42o7HKtML9HCoGvWJ9r+W+9uh+8829bSqjs5WCAWDYxUrgyR3uQKW4ENPMOxVVNl4D5s+SvMlEcV2YRVHR6HyDFsf1tj+8wWW25h6wNEMm934oXK27C6/iQ+OFQ65VRB5Z/lgauWf8oG69vPr/ixipIiVeY//enP9raT3vW8LP9OO2xvO+64g93/wAK79da5OIlnYar/srwqS648lhlR6bmkofzV/j9x4kR9O4IPmE88/sSI9b/D9tvZTjiD/v77HrBb5s7VLyWFsVw5rmV+lkd/kSynfB63P40zY9j+Q//Yjj9h/7D/WM5/0f6ef+0vzXY1TKL4cmoC7sB/DkoZO8Q0TXKBV8mSXWXycxI4NYPz53jBz0QGI2dXoDWtYOf0FEwb8SawyAiGEk0+3+OeVSVS442R2XnyHEp3MLAAKVc8DvI6niqTgHsL9obz6EXmRfkUZ/JyqwpkKrniKSc5hitOpU4IRmVCnN/JmCgZNOfyQrBiGNZyOC4gJG7libbkswSTcsW+hW+o4uXVAbxAyQ83kbulHR9rGoeXVCGv3oeHJ2yZ2WRyl5102Btt87Z1rRPCl2Gve0sb9rojxSCX8yPNg2JlGqof0iELDtzBMQr1T720/yD9XnTZyPP1/NL/vfPzB45SRmFjtv8TTjwJDwJzvUCIYrlGav8v1PKz1HJsE8+h/0f5X5jtP+o/2n/0f1ggxr8Y/5/j/Fcgan05FVtlKI/AnfCBP+cLICLEQZeAkavnBahwIpkbHNPxpUtGExSWIEuQxCuNEQKH4KJSuuT10PD6H+Ae9yRKd09duXrG/CqxjWxlhpDGt8pch60y37z0fOtu78XWEs+I78GtqEK5ajhTXflO+acOR/H0IFP838JtEyg/ysd95wg5yJY1XLZ74WcnZn4oiGm4hUaiWH5EQUYOk9HtT14mwOEw7a0A4NjeA+AOqC6angUI5lvBj6M9l/Xh1Bm8t7DOWuvZ3lu9xF6z3b62VgvPygYdV/6To8jkdYJnqyQlhsyX75m5uPMDTFuOWv2PdftbXv0TsKq8E1aLd9hxR9tv35fZVlvSJqhPtvfUfv7x8D/tlYce6ZaDPRnl9h6+/S+vflbPaPS/0A/LspKGaf+jPf6F/cP+0f6i/8X4gzbgkyU8pVsdxl/CBIyCOFWGW2X4OXWASCzcalIScIRluL+Kc1R2Pl9x8AS40DGF1dg0n2WDKspT5PTVGU8fNfEsNKIMF5+haoP+B3AcpD8WZCWlZPqatQ2mgENMgK64L0bg+oUA7pdjq0wLQDCPg4QdKH0AG9H1OfmsIiVtATjXWYzcoqK9ydy3DEuhLHjcEejWnnN+PAnHLpLQgg/LUO4Ajtfj0YPc4z4A+7EstKPhJBhtKWKYtkUQ7xSihgCwx7VZPwKk1SBnAJ9+b8GRjjpthw8KrDPIplPRANz5jCEaCZSP+4xJXfb+Q4639Wqd1oZE7bVxKqcnyolxH8FJfpFgMCPjp2+6hUcwMIjXJSgGSJUdTSxVlAkSy5oeVRTtArM0ZxiL9ue5f3r9nzn903bg/rMr5UcaIXOXwJIce9zb7Y478FIrSatY+VVfLJcKh8osXC4/Ylbh+ldxo/wwQ1nf3gTKcNT/qjv+RftPTT/aPwwR47+PfbyuiPGPUmBTAfdpeDkVQX451YVTSfLnpUDqBMAg1iJOxLDjAa0A53S8D+2UHNH+7mQqQE6GJNSvDOHqLkVW9C+4f76iUurEl0P5nshNtxzLfesCzohfhL8bCNz5cmpbj9WBr1V+MucXCfWAgrDAsaetAxjrJBcA9/7ePuW7FS+HtuBlUDoe06gXArG3hkc1CtjTYti/sgxxXJlvwZ50mo7701nytg7wMT0fACC3FR9OGgBg71vao48zjevoBICHLpwcU2sD6GZi1Ee92NqTSsg6StbUCh3JcJMnTLFjZx1qu663tU2A/nH4RYD5Kl1KP4L9IVYuczaGnJr3uJdySy5uNXou9T/W7W959X/+c5+xfbHSXnWsY1gcdVi3s8452y66+FJWlJob+Zan/S+v/qre7GftrC72z2Wu3qP8Uf/R/leP8bfa77M/+n/0/1Wi/6NBc5stXk7FcZD43DtBRHkcZIkoHI7l5s874xy6O+pAGIIEJBFDnC1wTBrAyoDiUjqATe1tlwiCYIQBICWHNCYWcMz3MkQJ5akyOVf5ztjSEbD6qReES8xHcmBnzlmB3IqyGCD5+oV/A3DncZBYcdeOEzAxHwTAuBEfy/FOuUzMDzOpoJBPL2itYKa/H18zrWHVuxUr5dxovoyr8lxdxzK4LzATMPMlWPBBZI0r32Dttz59PKkFL5i2YDtL75KlNg5HdbIsPJWkfxmW4JGHdnxCfllfN+hu3zpX1CmHkfzPrTLJry0/LAQeVibU1rA9Z+xox8w83NYBbRx/cmBZSutQzCAHriE4MjXfy2RdWHEfrfp3LcwzazGVk3eUZ2W0v+XVf9Znz8AWmX2QM7Z/ZE/tuqbz49/6jnfZ/HvwAKoHyGfW/pdX/+pu/yi/j38revyN9kcLPP/Hn2j/0f71y73mH86Nqd0CSzwX/BX9f+z7f0Y9OuFhGlbcifVwsiBuJRgrmApPWXXoGmgEuIKdIDKDWeLE7LSdI/MkelVUqQkpEGDakfSXwN015PQE10qb7ll/pSgFieCbzNx/vhDeG7nHHSvuPa2+x136WR6AWuJasgt3ESsiQLjMsvJl0BqOzNPKOaK4Om79BOWIBhDnSvtAD/j4dVOu2iOaJ/jwuMHxa0wEsMce9Z4+W7pwsS18aqH1DfT5S6WwF8F6K1bfCe4J2Fvb4YccbpkhXQ88sr+yAn4oBfQnSqy14Q8PHXyI0DYcPhfxOMDeFtt07Wl28hHH28a18dgVxPpTacAAh3KyaBUPAyO6nCSZVLYqtsog5Yqu/5wZZnMs2t/y6n/ta16Nr4AeZr3dvfbIvx61v9zxF/vzbbfZbbfNRb2w5bnL9lMIAbXhsiJUHeL1Amf1ib7y+1/OwPPd/kU+1cbTGKW27U087O8WivaXhjyaI/pfjD8YI0bCH8W4ouYS4+/Kxn9h/8r8pZdTcUY0wWLvMh/KBU8FIDnb+YuMjHdUmsxHVjqwcLVTaRAUmcnI70hQNAF8gnj9S3zgkANioXxcEeQVXEPoX3D/PSnB8tyG0o901AN9hE+LwHIDgfscfDm1FVtS+OVU6BZS1+o78uF7O7SKnLUqb8wjgLt2m2DPOD+o08rN5SBodRy2rHfXbfIak22nzba17aZuZmuvOwkPSp04T91/ZajxdBcA8ifrvbbgsUfsjgfutr+ijP9a+C+zTjw4ALC38CuVXB2HXNqI22XaeAwkwXoqotsfLAjr6D1kg0BfQB55HEAZ6vog07r2jsOPtZeMn2odTE+kmJyLSgKHorE+K/w5XfNdW2Uolvy0Jb304VL94iVphVvO+pf+nOUsAOGV1f5CP42dai3s74aI9hf9D2Odz2w+1qmPxPiH/uGDBYeKGP9j/ov530cJ9oo8fWoSeQb4p0hL4N6FrTIU2YNVYUdZ7HI+GOWwOh87IFJi0VB3ZYMDlONQ5aG8UEUCwvCq47Ij00NXyXmhK9PJNoT+fI47VTIfFCFx8A/txNEQlYfYKnD/FrbKdOMcd7y1WeRLgBxKuCuG2x2kExfqY6lacZyin5UO8I0jGJnjAe5txyp7K75RuuaESfbirXawXTfbzma0T7LJ/eNs3IQJyDO/WEqT1fm9J+1R78ee86dq/fZQ72K7fyEA/D/vs+vn3miLlizC1pgOvQzb19Nj41BXfGjQ9hvIKEqnVXUSIJ0/EyDMl1a5H16/CCBNHflas2OSHTbzAHvV9F1tDW7UpxHlCkkVoRUaReOv4EZgOPuXe9zJvWLrnxKpd6zaX+gP+0f7i/4X408e/7mwhclgJc3/Mf7G+Lvaj7/CYugJejk1HwcJsEeEVoI0dhWitOrNYwsexDmoBQ/5CidYn6Cb+5mGf+mjoYVc6URaVor8uLmoREg33yrTpB+8I7lmboJtviQ4ADBbfTm1uy0fB5nKo60yeHwAP2XwUsPKt4cwUhHZ82VR3Fo72/FCKray4MmnbWCcTV93qh24+z625frTbFJtgk0BkId4GwBW7uce9vwTPsRyzCO85V8vrkvwRaWHB56yuQ/Mt9/efK09tPAhq43nyTI92LqDnPOlVuYD+WnhOwLa054EIHclcMf2GLxszHid3oK6bR83wV662U72rl0OA3CHZoL85NxOHqj6c3x599jheErgvuLr35tBk34QV1b7C/3sBmF/jk5F+4/2F/0PjYELOqM9/8X4E+NPjL+r9/zjYwBGmnZ8gKlrWhdGHW6V4TU7NhFBXBDBLoRJEEgegEJ4fG91TkGRgJ9iKMR7WkkFkFMa8lNYrgAHeAynVCkDg/Uv+Nv8NDh62sRYuQ1HJ0vSh20jPE3FV9xrdv2iu+1bl12AL6dyq4x3C7EyiwTK3GbC8tNxywr9oHElux/bUYjfW7BfvW9Jr3W0ddjmG2xmR+w627ZcZyNbo9ZuHViub8Vifh1bZ1p47KNeRMWDA59eYAfmgyert1J2ct2Ie7y+1G56cL5d+eer7IFHH7SWidwe02/1Xrcj9SoFRHKHjm+dQX4I5GlnvBRr/AUF4Jy85G7B5vstJm9m/7X/ibYWl41wNCWLg/9DONoCaaUlcVChvIWnKR3Ocd90S6giE3h0S35Ke471r60/EDdW7S/0j23/D/uH/TW9jNH8E+0v2l+0v5h/xxR/OLLCiju2X+hUGYAtnePOpQMBr0ZMVoVqVT+r0QFeAmiVSII+AUqAR2Bd4km4DO4rjOArEOQI+outMpAiUcpi1q8As1OJLOVqVZagDx7f444PMKGcNyzGHnd8gIkvp2rvCvVzbwwBL5VQBG+46GdBpOGKN6l5j3s/9qpbd822m761HbLLPrbjuptjizqOXEQuW7GyTdzMI91xWIxEY0NNyiY3zBDLA1T3QxlX5OHHqe34I3jvtnkP32s/+M1P7LH6ImvpwHGCOMedgJur/8oUhTOvzJfKhjCBPB4Uajh6sE7UDr1g0qrQlI517cwjT7Z1B0CHnMIxIyyvciRPEdXsKVgV0Wj/rhlbFPZf0fWfczW0fsbSJrglxtC/Yvtf2N97QqWJqc2trPEv7B/2pwWi/RVDfPQ/tIYYf4B/NOmv+vN/QjkE7u0A7lxxx3GQWnFnMxDUBOhzQKihokiBTkP7aBZxYo7KTUjCcOEAQ2iKdWDdKdkbGWOyo1/CRHAZQ+tfcC9W3OkakzhtCHJm87tfiXeBcwWd/eXUu3GqDFfcAYi14o4cahsJGFP5mSc5JNYDCHC64fQWmQlxfCl1rXGT7Og9X2l7brSNTUSYJ7rjEUUl48I3S57LSV+SKB8BvvbSo9g4TR5iuQ9+AFtnavYUjqP55V032iU3Xmn1CUiHrTR68MDWHO5jJ0hnefhgoW1ADNB8AO44lAbnweNhACS8owp6i03sX8s+//qTbSMbr/I1G7Osw9KHlI2uLEoDneTpmwC4J8fwiqz/bLSxan+h3ys27I9egz7l/Zkjmvei5h4T7T/6f4x/K27+j/E3xl+NuhhYV9fxN881OuVk6rSNCR39OEiAU21pQC/hlMSBh3dOQjqPWhvUaT5aj0SI0p00iiVchaNlM6J0yqCrVrGR3rs2ckBRI+h/kMCdKuSG0l+NA2PBm+mQr1VpP1VmIVbWb8SK+zcu+w4+wARATODOePwjdmeGWhAmhYCf4LqOC+NbxsEyQMYDwPvj29e0mdvsaq/bYX+bjO0xXODmPnawyVXWtZ1Ae8Hx5mzQgLxQZw+I3O3CNLTkMqzB/wOnznz995faHffdiX3yeAxg3vgEQQPyZBsE6ZRzZhIEHj/pdZCqAWiLvxBMWDbRPnXkv9kWHZORPNncU0qGMpUEMn+p5p3sBOcjRWEqE6PoXZts7vGjUP9j3f5CP+p6DPt/2D/sH+0vjbtDjr8cuDlrwMX4myY+Tk5DO06fjnV8Tn86/BHjT4w/Yz3+sIerRXd04lQZvpwKQg+/nKolZSHDhMccuDIBkxAcau4mS3bsAIjxlXVwUZgSJA/9xJMAj0zf4BDUCp6ICIygf8F9dys9+ZvF5LxJehFfeBgtRbmzcrOKVtzzVhmtuIOH+omMWT7lLT1WMD3jcJoMgXUdxzQSCA8sqduGEzeytx38ett63Ia2BhJhsVvjJq4QUxOQJ5Auyk9ZVAN0zv3peazl7hVsYZd8njjjhsSWGRT41u6/Y0vPd+1xnDTTiocGa0c8KwIPRywzt/Hwk04UVyTVPnbEg4cPJEzX0TvePnzwcbbjpOng9rRIUjomlhEzqUpIbaFKymzQyrqdgRX30ap/lmws21/oD/tH+xu78T/6X/S/6H/R/8YKfz4fxh9BUmakE1tlNsY57vBaH8AlH9SJy3TyiUA0WQkMSccFj6XykwkeQj9iUDqwyRHEewwwaZE2x2cCuckFYKxHXcfKI+l/AMA9S0Ey6WeYXrqs30vgIbEhrrjDQ3XM8yIgzBvxcurX53wPe9xxagvAeKFfb3SSC/LBr9V2AOGWjjbwAZzj40l8KZVAeJ/NdrWjdzvE1oKWNqTjQ0EG0RCA/evQB73cUq7t8yRmoyEP3JJEUzNez06I5lYb8SDiKeRrIZbjv/67C+1P82/DKTNY7WcloAXL/swf2GkJp+COTDNMNS2QzzzxCMtO5Pd9Bx5tu07Z0re+g+4pXQYCiVL1kErnvKW3TEsa88BTZcp8eHm97WT5zCzS0aiQpzwuZ/2zdCuz/XXioXb77bfTC9xzb5tnixbjHCLkVdlX0ZP9WXg4logul3/yOuvYtjtsZ4vxka15d9yBL97iLWVyPYPyb7QRXnJeaw2772/3oX8i/TPQz/wM1f923nkHm7XnLJuy3ro2Dl/4ve/BB+0b3/hv/yEHiVi0Z9P/Z+6xu83efz8Ur25f+eo37PHHHy/0H3XU623zzTazpfgi8Nlf/OILov7rz7Pxb2W3/yg/Rk+OTbnLruTxJ+wf9o/2F/2vOv7oFyKujPKDQNOmTtXgpHPcMWlryZQDFr34k6/wiFxeCBDBoEmFnBSqtEwAl1GvpCQhZMGisbafFGmc3dNkGY36F9w/v8KUvElkETFkOBMJaFkeQCuApyfgv3HRPVrJ7hnne9wlhxnjFpRUHKfxihV0gPUaTofhme11oOwNWqbYKfu+3radgl8tiJKggPFp+znfNgXJ9dexFQdn12ihPG+HwV6YBNBxB3DHwS/aq86HGW5T4hYankCzGPf/+/uf7QdX/8S6W7oRQ0gOl+3PLTwwah0vpMohK55/1g9hO21ew1aZCfbv+73Bdt/oRfo1gCv0HqlUfinqsBLlRagwJW8T3V9OhXIJ5Y0ZYV4zDXekeTb1LxGQdPJ7/t022GAD+OAkn56kQ/nJusz+6xOfAuDtQXymPb3+Q15xkO2+x246KrUoHjwEztdce51d+YtfUqG7bP9kRD4knXji8TZjRhd+nEFlVsq/dOkSu+hHl9qdf/nriOUnAN53331szTXXRLbZWuGgv7un2+6773674MLv43hQtjDSn1n/22P33e2Iww4DMkdSyKTsRQsX2emf/ZzE6fKM6r/U/4bXv85evNNOyvO5533J/t9DDxXl/9AHP2CT1l4b+R6wj37sEyOW3zOmUierspz4c1KZT/qeYfklhOV+FuNP6G80vUJhfx9ncwMt+g4bLFyl/xeNONpf9L8Yf54x/ovx1+z/AwAA//8Qj1mBAABAAElEQVTsfQegFcX1/rmv0gVBBSnSLNgxsSR2UdTE9ETsMfbE2BKjKCCiSEyMLZpi7/pLjC3R2ACNmiiIib3SsSMg/fX7/77vzOzd+3iPIuXxT3bg7c7OnDlt2tm5Z2ZzZpbHn1VWVFiPnj0th6eqek/MhcwcIvkGs1wJ/pCfN8/J4Z4P/xgPqHAvfmJWHuVYVmC4eUglCKBQLubo3oj+zOmTIwLdI6zTJx/LBsEUAMEPpABoAxhagPiE+e/ZDQ/cYTWlNZYvJyACbvmSnJVA7jx0Qt4lP3llelkpEVi+1mzLDXrb8K//0Do0lLOQdFXLcihWgb8GlGdZ6tDwVyd01CTwIG4NhGzEOzJqgYFaLm1Anp7NpucX2qUP3mizl3wqpPkSwORZlpUEjC4Y6owEkVyKC9HzEVHy0bqhjZ22/2H25U22NHBsJUH/iBYFFiOKeC/KDA+FvEKsV+/+KiMQkkfWmqp/aoQcXThiuLVq3Qox16NzSYqFdhTpjxh5kdVW17gwSuSlwK8zWCh3+OFDbIfttnMI8u+qFWVEdX/ttdftrnv+bxn65eUV9vMzT7eOnTo5pZT8rCZyT9r3P/iQTZw4yWGC/plHro444jDbftttl0t/8eIldu3v/2Bz581tJHFBDiFP0Q/EbdSFI9Tnyc2ChQvtzTfetA8//thenPiiaEbN6M7ylB/tT+1fSFznTfX/IYf+wHbacUfh+e01vwPej5L6Hzr0bOu4QUerr6+3YSMuAHuujcb6Xx36xBn12Jz8Snfthigosu/gibQz+l4z0sMq1n+m/0I7UuOi/ti8YqPyFpdqZYwSoFAuguqe6X+Vxp+s/RXaUdb+oIH/wv4HkTRHWWWrSuvRvYekrK7FcEFrkqMGA+40+KJt6CMQAdya8cncu0sDgIlUIcEeE8Id+GhslsDA5cRfDEtCSFsO/VkzouHOsgk1oVk2xdEXXQHUkGsAiRJIkIfhbjZh4WS74b7brboMVngp5Ari0UAnBf7RdjYa8JRbAEwvtUr827nntnbqnt+1NmSgHlhh1C8lKEJbpEXDR4YbiuehNBnbhAeteuAmVqKvQBrUo9AQRvscLP9caanl6+ptfmmJjXz0eps2bzr0CDlYFvAEbQAuPstoJ0LEc0xABeYb8JoC66uhtt7aWhs76+BjbMcufWC4l0CKVCBtFElC4+flZETQnjDchYMJjQPSVqf+Y/u7+KILrLy83BYvXGzTZ84EuZzqM2GdkUD/bhjYNBYVVkD/G1//mu2+x1dUli94zz77nL362mtWiZeEXXfe2bbfblugQdtFpT7y6KP2z+f+JTKRPo32jTfeWPIvXbLUnnr6H/bGm29Zzx7dbe+99rRuXbup/tn+Rv/yUlsIw7mgq5x9/eADbc+99kh4f/vtd+ytt9+2hYsXWf++/WyXnb9kZWUVor94yWK75JJLi+g3Jb8L7tey0jK7+OKRoF5iLH/R6DFF9FfU/6L+1WJpbFCfQB3lP+zQ79tAGO6U6be/heH+0UcJeRnu7TtaXUOdjRgxCuVCBSV1hcgK+v+K6K9IfpJcE+2vOfkz+qG6kzpNqt8jmf6z9rca83/W/zlmBgOlifE3G3/++8efZGhtVdnKunfvLuO8hsvBCDlMoHktEYfJVYm44FEFmaxW4ivvhOdqrwx85hEO+ZyH1dkU50SPCGZ7vzGTaGgIhTSlEKRp+rOmBcNdeB3Yo6kEJsdH3XlhUjQ08Exe8Y+G+8QFU+z6+26zqvIay5U5bA7WcB7Gci5YJpJDSPzlJE8BYHG3q2hv+2y9qx25/X4w3KkDvhDkTO8/AKEhLstaC/SQFPYjcUl+GNe5MqysSzee5ivgZBb0aXSTa+JgGaQtRJ+98vl77dUP3rKauqWUyA1WGub4eQDvQ04PdFh9eXZu3pEP61+GezuY7md+/WjbccPe+EWAhjsZICxAUFyBTLICmwvkKWR7tJAgwz0UJxoJAFjqbHXrn3yS7C8vuVj8TXxxkt33wINqL2ui/Q0/71xr37498DXYH2+4xaZNn1bQAAgfNPgA23fvvVWHsz543373++vAEusorxeJi2AUU5E1VdX2699cblwZR6aYpvxn/PRU23RTGu9m48aOs7HjxkOeQvs//9xf2AYbbCB89/z5L/byK68U0W/Xtp2dc/ZZVlFeKZy//NVl9vn8+YJfGfl7de9pp556sui/+cYbdseddxfRp24Zmut/Uf9er4JM5Cf9Q4d833bcYUeJfM21v7MPPoThHuQ/95xfWKcOWHHHi+j5F4wUDcdQkH916VOv5FF8Ir622l9z8mf0M/1n7S/rf9n4g2E/G3/X3vzD2b+yFVxltOJuVg3DnfNenEDj6jAnJCxUewYzCZQKyyYVUjzGqyPQcyRCxFxiTuGLWUTfmH5hxT1FfFWjYdblivYCLKVPWARXGa24w50Chrvo80LDGbzlAMMV95wWbZFBYxh/+Zq8dWzbyQ7acU/7Tr+vWCtojav4cJbRnyNy5hKZiANqEAuI5mCpVwE3DfbSAMR3J75WMGCdXbrhKjqN9M+xyn7zm0/YP9+aYDU1MNzBI3HJ0GIB4AqXQpQoCEMDHpF2DW3ttMFH2pc26mfl0L/eD1gsBIB6WT2nnlLRCNvUXYa7MLCA4yL3a6L+iYa/EI26YIRwP/b4E/b0P55JUVNyQpVPpLwy9LmCf/GokdL87Nmz7Yorr16m/ZXgF48xo0cJq7t8jCQJ0Rg4cEc79Aff1/O/np9gf/3b35K8SH/AgAF27NFHqT4++uRju/rq3yXtP02/aulSG3XxJcvQJ6HvfOebWP3fRbgpO3XgMiopXAopjHXuspF13WQj22ijjfTywfYwZdpUe/5fE0R/7px5yep4upq7dtvEtt5qgG3YZUOrXVpjn8z+1F76z3+stga/TqVCpDYkrrgj7xq4ynyAFXfPy9nQc38uV5kG/Ppx/nDoTRm4NOr/Xbt2ta0HbGWdO29o1TXV9ukns20SaNZVgybLOEIrxYv1gK22FBczZ86S20+BJQfadputBf7xp5/Z7NmfqLBygpCb998c7ancFi3CLzfTZ6h4Wv5Ne3SzAVuAly6dbdGChTYDv+688dZb6pMFWglLtsXmm1tFRbl9OnuOffrpJ9a2bVv78k4DrWu3bvjl5U17/fU3nP1ApG2btrbV1ltan802s/kLFtiUyVP1CxJ1xNB4/EvL3xT9QlpQEhI8xuvqj78Z/UShBVU3mZTpP3aSrP2t3PwTG1R6/Mn6P2ZO2Cjri/25Pox/ycjSqrLSuvfoIZ6q6mhiRLPRmxIXzLhyG5tfMG2ZCAM25SAjOMzDMH3cUGGJOHH4nRhVCcxgHH9cJC7ALZ/+rLSPuwrFkikkCbY03gL9aFzzPh/FX1ww2a6//3arKYOPexnXy90YpkVLsfnC0sAIrB0ayA1xAoQje8d2G9jBO+1r3+yzC9xicnJ7ofwleXdAEXco6lNmwIVE6hRkuAguFxlBCwj4QYu88R91Q+8dGe7wV5+PnJtef9z++fZEGO5VVgJrv4EKpSXGP5QVq7wwME3yABdX5LGS3Bor7mcdcKTt1AWGO/JIoxACY4UE4MBDQJdO9vRUZoj26t0PWV4g5sY7y69O/RPrpt272WmnnipEd91zl732+pvOFogQ9xdtf92xEk7/dr54/euFCfbcP/8lvI3b/6hRI7TiDVXCAB2WyPrVr37FvvqVr6B8g915z5/sQ6w2R7njvV27djZs2FDV/2dz5thll18p/TO/FPVzyehRiOVsyZIl7sbCJ8lFyV2r3/zG1+0roENhn3p6vD3+5DjkKbtZ+YcM+YEN3GEHBwMqtT8vopqaNet9+/0f/ggK3v9at8E+iJ/+2Dp1hK++mC/Qb4Dg/KXjgQf+tkz/54r7l3bcARrINTLczc47133c67DiPpyGe6Af+39b0PzpT08BzQ2Vl1woPx4mvjjRHnzwr+KROurXp5+ddOKx4viVV1+1e+75c5H8W8Go/yFekviSPfuzz+zyK64Sytj++KJ0EV7UKNnH8PG/+rfXCjf7v+Q/FfJzr0Ij+fkycettd9rUqdOL5G/Xrr0NO/9ctb834eJUVlZm/fv1E32imDp1qt1w483isRJ7IX58yknGlxTSZ3ANoz/j17H7IeekSS95OuVXf/b6Zx0JGoKs6/E38pjRhyYy/Wftbx3bP1n/43D8vz3+eRvAFBANd04ONfTx8GlBV9mSmOVlEyonzGOIu/qIRlAh19Np/NDE9emIN0BzxlQIimcVII0rvkyRW4cMzViKBiziKfo03AulI5xjXfYaIZlTiHPVmZM5DfD5WEp/ET7uNNyrymthSJOis8udqXrjxXP0I6cihAnWRr4uZ+1bddCK+/f7725tUbSBuLESCK90aUAbS1kABjbTEgMd5euBqYSDf2CN6pGG8Ey6XNMkNThFuOEORfFF4/eTHrRJU1+x6noY7kijMS6mAMdAPCVYXqf+xQXxM463BMK2ybexMwcfBcO9L35ggKuMiDqKEGUBhcCa0Me8ptIiPO894OO+tuqf+Lfbfjs78rAh4unKq66x+fPn2a677GLdunWFL3uDcSV70sSXsFpbBejA9Rpqf61bt7YLRgwT1oVYpb1kzKWgoVZK1hSon+bk3/nLX7LvfffbgMhpBfb2O+4uav8jzh9q7bBKS65vve0Oe/Odd4vaf6tWreycX/zc2oAP0rnm2t/jBeED4cNFoSn63/zm1+2ru8HYTyBIodD/ps2YYX+4/ka0xbwMzqHnnG3tYYjyBZI2I5KjJkWXpcc//bQ98QRfGgryc8V9Rxju9KG/+pprsIr/sSiykQ+Fq4xvTq3D5tQLkV6gXwoj9xy4CXWA7AzEz2tj+k+B5mNPjFU+5fzl6Iu1gXz+/AVGtyGGKP8RRwyx7bDJ19Ma7PxhIyEHc/mXsy/ttKN9/3vfl/6fHDfenhz/lOTnC+5Q6HgDbKRtTN9xQWKsiP8GLwLz5n2OJJe/Q4cOdv7QcyiVfpHgynuUhPJPmTJNhnsZ9sCMGH6+NgjH8a+mttbKAM9mykD5H3v8SRvPX5OQ2JT+XQpCFvTPskxvrv0xP8rPe6TPMisz/haXJp8Z/Uz/WftL+nnoXVn/Wzv2Xzb+oKVhQuYcYxWVcJXp0VPjeXW9TwcajzUFYGhGv/QVHzcEmaf5D1rksK04I+lBXBkRwB98QnF4Ny5ZmP8DTd1CXPg8nqY/a/oUEvpCIWCWEazZGlh4qswLC+Aqc/8dVo1TZaw8NQjBuKaS6CJDyXUlEr5p0HCHq0xleSvbo/+udtKXDrY2LEppMPHT6OakxkNqeCqNfNmRxqmc4sqvHdEKPvJXDhrgQCuferxMcANdNQBJVX7yiFBPCwA05smb7d3ZU60+X4fTbWDcBLqkqEmEPjH4Tzoyurj7lZM7+KLvdmu4ypxx4JH25S79xQ+bgcrqFuJIEQLiTJKSiHKbuxRtTiVpCgYkLC22EPmi9U+d7rPPXnbg4MHi68mxY23/QYOkv0R+wJDauHFP2djx49co/ZNOON769eurNj/ppX/bfffdv9Ltn5UxCkZ/JfaUUP7bb7/DuPnUNeN63mrAFlglPjrI02D/eflVe/3VN2wxXGf69+tje++5p/or+9zkyVPspptvWWn61P9mvXrZT04+SfRfeukl8P9AEX1ajj8760xssN1IdcaXk8cfe9JeBh8dNmhnX9l1V9trr91B0/l94MEHbQJPx2EV4zLk0O9ic+pAPWtzKk6VifV/LlbcO/FUGWyypo87uxGIi75owp2H9EXzSdJ82Tp02MB2g1vQXnvuoTzW//2RJoqfcfpPrdsmXZV33rCR4Audjczg/wXDzrc2bdug6fM5b3fcdbdO0KHuyP6xxxwFN6CtRH/MpZfZAhj/hPvJKSdbr816iTm+EDz810fgHvMOfpXsal876CDr27ePdL4UdfLLS3+NX77chYe8no+TcyJ9Ar0wcSLkeM0++eQTK8MK/yK4w+wGHX7zW9+Q/HM+m2PX4peOJdjIzI3D1O3gAw4QiqVLl8Bdasx6Nf5S//xPHTIg6nFG9MTByGFYtw4gKD2uif5PnBl96jvTv1pWbGdZ+0OLyPrff/v4w9GVUxgMCZwqE1xlqrGKrFUmDQt+IVQDZlkZeCyBWU8GJrLZZ0oAoImc4J6AAogwHaXYuZKANPksKUHdrpAV0pZHn5tTOWjTIGUgucTwLCSEjCbos4QKUU433CfAVeaG4Cpj2CyqVXPioszUEgDrGSdhblqF+VkCw1obPrGGvl3XLW3ovkdZB8S1oleCTaAApY4oK26yWHljaXJM84L0acjDbZ1J/odsQrBQbeiEPK5Rq2FInp2vsfPuudrm1M+hA7zzSKzEwcDC8QhIEQZipgGHNq+CctuGdnYGfNx3CoY7J9N0IHhQrycjgYZOTFuR/nv23Xyt1T9l+fa3vg3j58vgjdrkLza4k0EGMk+BpNO8PYpVy39g1TIJgP2i7W/XXb5s3/3Wt0Srrq7GLrxotNVh5XVZ+uClifZPt40B8Gcm/fc//BCr5X8AW2TYg0uQsw06dbTjf/RD26hLFxcHIOn+V4+X6+dfeN4e+fujaqsrS59Uem2GzaknY3Mq4i/CFeO++x9w4riS/sYbb2JnnnGa2n1dfR0M08tsCYz3NP2999rbDj4IxiWwzF+wyC79FU62CfofAh//gVjJpv5/e+218HH/OGk3Q+kq03EDa6jD6veIkYFiXqfw/Ayn8TBQn2NgDC9ZvFjPvLAZ77UvaB4ImojPn78Qq+u/Uv6gQfvZ4P33Ff1bb7sdL0Lvqk+0xS8SI4afB3BIxbaPjvzWW2/bbXfekdT/8PPPs3bt2hoNcO4noPwbbbSxnQVe2O+rqqq0is+Nxmn5Tz/tNNsUvv9k5s948fnPv18Sfa24n3tO0v5uvu1We+fdyYn8YhjCnHrKKdYTx+8y6MjMcPIO6bMW9t1vH9tm6wF6uvGmW6wKRn2afkuOv9R/Rp/zAhSBwOuq9D825i86/qwP829W/1n7z/p/y/Z/zhMafbji3pMr7gjVsih9otNc7OOT8uKF5lIJZjYacMsGDWVIjtZoMPiQ7CeeIEszFOF8qnLzy+NKgtGjnwMSDgtU3FUG+aFsISfGIt54D+nxkXeKDdzkkKfKxBV3+rhriZz08S8PA1hcASYWo9B0Y5H8gjLr2qqr/Xz/w61fu41pumNghuWogro4A0RAmsTFO+BIRba3yiAxghMIKLhJlZRph7Ja+Pzq5zPs8oduseoK+OPjH8uoHpLKAFa6xPBtA5lCSdrEWQb3GbiStOGpMoOPCIa7JI2QAEQgLlouzYSi+loGJm89e2+B1LVT/yT3Q66UYvOii4xz+LHiyw2aNMB69uxu++87yLbcCi8PLr3dhZXW1+EHvzrtr3//fnbCcT8ETrog5e3//vRne+WV18hOo0Bls8aK5T/4wMG2F34pYHIDVoV/ddlvZICycJE+ofZ9sKq+7z576whKVQWBWNcKeOHEW9rbOCLyvvsf9FNrQo7fmqbP4pS/Vw+suP/4JIDmYbjjFwMY7mn6+jUDK75s3w8/9rg9+8yzRdj5QHg/facD6iBv5w0bkcAMOfR7WHHfCc8NMErhxhM2p6KInXseXGXab6BTZdLnuO+995520IEHqrYeeewxe/YfzzbZ/+mGQuOY8g8bfoHqnycADcNJQAwv/fs/du9f/oJYie2z9x7CSX/xd+FuNAAr60uqq2zUqNFqFnRXGX3RKKn1rXdg0N9+p3DsBV4Oxq85lP+Bv/7NXsBeh8aha9dN7Cy83LBuXn75Ffu/P98rEHeV+QXiJfjVYAHcqPzlIvbB2P6O/eHRttVW7CM57M943e68+55C/yMwxx+Or4yzOhsF6r+lxl+yktHP9J+1v5axf7L+l40/ybSg4yBxzjRVUoUVd000uHBDpDoo45hF0FSVx7mEdp0bTizlpormGBaGcUJvDc9nKZZTKWR60FNIcsx8cEiiIKGm6BdtTnVUjTALjcqH7GXyxZf4h+sJgHQc5P234Rx3OKdgxV30A5pSTqCIcwOo5IdOOKFSPkmNOD9o9K2B+9rBW37VOgC+lFa2/AAck+AJjkBzjoF3LtoQzKFcjySmxRys6NNAof6ZVoP7Z1htv++lJ+2pN1+w+oo66JfA5A14EJdc5Iu84o3As2noQf/AlcMvAe7jDlcZnirTGZtTgVeikCkEoCrww3Kk3yhdCalLugyTe27Wf63VP7k5BZv6esOVASLZDTffbJOnTJUM5EPMI/0wHkvI88SR8N6UyXbTTTeHTAIFOQPjK2p/m8BQ42bYUpwoQwXR/WYc/qTvgEtqJ2IyCPrp9r/rrjvbd+AawUzW2XU33IhjJmd4PQM+Tf+QQw6xPbDJlXjY/ufP/1wfR1q8eClOftrUNsGpMCU6phQvnQu52n2Zr/oDe1r+NP10/+tFVxnoj7CTXsSK+wMPFNE/7rgf2Rb9+4v+5VdcbZ/Nnq323rj/H4+XmM374eUIfF559TU4+eUT4RwCvQ/cHsdBQiFX6xz3j5Hu/X8ofNjjB5i44q52jvInHHes9SdNwF2OPQuzP+XHxVz+9Phz/I+OAW9O8+rfXmMfffwJysAlBu5H9Pmf9/k8vBBdLv2ffvpPsCq+qX38yafwiX8CJ/kcCcicjcaehEWLFvk+iSFDROdubCTmWf2k/6Njj7Utt3AaPAFmCY7zZP9Ny0/edt1lZ7W/2XM+k6876789fdzPw4o76v+9Ke/Bjek20YzyixhStscejcOxRyPKX19XZ1OmTrPX33zDXnn1davGSn9T8mv8EZfIFk94CM/La3+N6ccykX66/bGmgDqjT/2uh/Mf60bDVlb/Kz3+Zu3fx984/mT9P/QhdSRqhSMrH7ylrO/jXxwDdLxeD5zjThFqYLhHIVTRgnIJfUj3XMkpCX0koYHHzZ6uBJZEGRqQmFFYWnHEZETSWlUiMxAa0Vge/ZnT3/MyzpLHk6snJte0xRxhYDh5ssv5OYhPpI87znHnB5joiy76tMroE84ZkcY6JdMM7mvl4p+Z/I/zHLfadHM7+YAjrFuuwlrhS0juq45MLqkjRHbd2HbFRfV5vm9eBXn3ieeKuWiDHl4EqsthgDYssivv+6PNrVlgdflq8Eb+IAcNRRCIq+xyq/EEbdyTD7zEQR3hRI821g4r7jDccapMGeQimQKHemj0HLmPeY2yk2SH4+bUtVX/5LMcX/rleeZ05VgAn2Eqt6n298vRo2Hk4oQWukJcBF9hAK5q++sIt5WzzzoDGzZ5/k4Oq7ov2Z//cn+xupqhz4a2/Q7b2hEw0liZpM+vrb6KVVbynITQ/mm8nnjcccjCP1Tqn++93/7zysuAdb2Sfvv27XDyyk+sAzaOMrz73nt28y23NSm/+hwqV6TAC+nzC8mn/vhkleWpJX+hq0yq/w07b6ho0Pocev4FRXnEQGzEd+AB++NXgX2Uz187/oFVcvb/ww79gV6YSOu3v/09Ngr7yTrk5bxzfy6fda6CD5OrjNiw83ESSwectsNwHmg6BZc5zRvP0N8Hv0SQh8fgd//0M8+ojH6B2XIAfpWC7/wwljcbc/GFOKWnDC9Z42zcU0/bJRddhOecPf4EN3z+w448/HBsXN1G7WE4/O39+MWcDRuKc/w7ULfL0ncNMh1/HAsQautqbcQFo6T/dh1wYhDKE+Ltt9+y2267q9nx75Cvfc322P2rTiWlf9L4dPanOC3oafv3f3CGf6M80iZ+L8gIAhKaav9N1f+qtv+MPvVLjbNmCu0/079UggtC1v6y/reO7D82tv/18Y/jkLQQT5WhUuQqwwGKEz2NXJ2xTEAPXOnhA+ctrfJqMOOwRlRIDPl+w1WDnnq28mRPEojpNCriqobQE44R5jdN//1wHCQgAeVXFS2Ke4quBGGeGE+lI0oTfD7oT1o01a77C7+cipWuuBMUG9pUhIerY3Mn97cJDS/4z7J0JYdlaPnqBmtf3ta+scfBdkDPLxmn/Upa7DCo6Zoi4x+rtSxDdbryhAYw0Bp8lom/HlY7DWl5uUgRKIEHlLI5KP2nd5+2JyeMtdqGWittVYZU1zlVyRX1qBEyTt79ZQMwqgPkcsUYRlPrPAx3vGTshHPc+b0p/qrggcwxhGc+hmW5RjnAHamly3qcm1MZU3tYw/UvVkF8ZdrfL87+uW3I4/zAyfCRo2Tor0r7o5/0Oef+TBuQSe+9yZNhJN9KdCtFv29futcc6+0IjNMN5LlnnivopVH7P5KnoGzHU1BwzONT/7An4J/fVP+rwFGCoy4cwe6DU6DwFVLItrL9b7OevXAMIQx3tJcXsbn2L9hcq1Vt4KJg58K41nGMEHgYXGBoDFPYpP69Yu3rh3zN9sIvA6zjv/7tEXv+eX5BFptTueLODzAB29V0lYEvP/FSCfpyKj/AhD5BV5fY/3VMJI+dBNz5Iy5AE3UFNx5/DsFXbffUV21z9tDDD9sL/3peNLfFyTFHQ3ekf+Mtt1gdviL345NP1PPoS36JFfaFdib81uni8hGO6CRfw7Ayzpeg2dgcegVOh3H5cPKN/PDBC2ReiA9buf69p4FBr0sAc3V90YL52kj7W5zsQw211+ZUrLgj0JXp1tvvAh5ixh8bLv8jGvtFp86dbNC+8GfH2f48ftLhWBqAoP885HvoEXwLoAn9I6lFxt9V6X9RTpdrWflj/afbH0WP8jeuf+UwnzrM5M/qH31LbUwtZt3YH1n7z/pfS48/HEk1jfgHmHqqE8TjIH0AVY8AlJsFeEIyOwhMBhWFgYg0mpaehytHVMLAQtUKtT8qnxeHJAZiQiYntuTlAPg00QGQ5RhwT9NvzlUmgEYChfJCUrg4fc+uB62FSJi4eLJddy++nIoV95JywAqIfLkBHOmTNRrIeTqr6mtJkAKJ/Bk9j2M0+268mR2z73esX8XG1hogrXCWex6b7Wi503gnPRnuECqeIgMrHAoEDNwfamDr53DiRgVWCmHKgw/Qgi9uFeL/njfdrht/ry2omQegMqTQ452r5djoSsbwJ5VR//ifB3/kmwONbHrmY4We7jc8DvIsHQeJU2UkJi4opCsvDELm0RVdi4rggYb72qp/ctm3X39r266NzZv7ub0/6/1m2995v4BrBlbMKdjwCy60OrgkOK8rbn/lOJrvXBwJ2BYrwdTxtBnT7Y/X3SAtrUz774YP95z24x/jvQ4VD6JPPDnWxmPld3n09WVRfDWV4Ze//jXcZHjKCf6zfYWSHivBeeEwPNt1UDWNuuQS+bqrylj/hG6m//WUq8yJKIdjUOnjDsM93f+OOfJwbIzcWnQp7/SZM5qkf8rJx8NdqY/oX4KNouSVlIf8AOfF4zhI0r8GK+4f6lQZSmQyinnEYj1+KRmB4yBj/z/6GNAcsI2er/vj9TYdR1MKGQsBaZT/lJNOsD69N1P/++VloPn5QgdDP73k4lF6AXnxxX+rzX9p54G2FO5FF10yRvoftN++dsD+g+RfzxedMYCH4Pbcc/+0hx99BDDUbM5+eNQR2D+BjaGgy+MeP4MrTKTv7LAmUKdNjH8b0FXmXPrb5+3Nd9+222+7U3jwmITm6r+8rMJ2hvsN9zd0gN++C2bin3I0rv+m6INlyUH6zdV/c/Sj/Csaf2P7y+hDkxxfofJ1Of9l+m++/2XtP+v/a9v+XB/6H9u5xvFKnA0tVxlMRtW1STKyGfBMKN5gBfoquzJoK2KSjJkO4zka0zS2sywnEZ5XTkhPxICHwu5YwzQiJzICL5/++9OCqwyKEZ9jLfCIpOIglJySiZfBS/FeB5qLkD6RK+73YsMnfNxzFTS0WAh/MtxRjja0SEB+rFj70ZgEgQTiGRY3joaswL+BW25vh+w6yLqWbGAbYP28FfDkYZiXaMNo5Bc0QB9osdqOq5bk8UyfGPBTAmOdJ8rwbwkIT1vykf3lmcfs7U+nYkkeuCrKYITWOiz5InNcpcSNgT+bS42I80XBz4vnA1YOQYOuMmdhxX1HnCpTQXospADgiER6YqIET98EyYtDhzKpojLcUUxNA+lrsv7Z/vjRHH48pxaG+Ai4OTTFHOW/dPTF4J4vNv7BH7K4Mu2PZ+P/4udn+cd3UP79WR/gyL4/qN5Xpv133nBDO/Os060cx/tRSU89g/POHx/rGg39pan2f/bZZ1qXDbtIs9w0ylNf0rKl+9+Y0RehnvFKAXwjRl7kXzIN9U8xKX9T+uepMjzukPQnwHC/X64yAGZ7R4HddtkVp/Z8gyjsn1jx/dvDf5cMagap/n/hBcN1rGVDQziTncoFmvjlVD7yy6n6CFXo/zwOsiNeTOrRh4ZjxT32/912A81vkmYeNF8AzYcRj4G8IY7byJEjrA1OwOLJM3S1EctBn2fjCMsuG3WxOXPm4ONY5dYORvTrcEm6667/U/vr0JYfRxoKRHl75rnnbO899kCXydkVV12tjzNF+Xf/ylftG/g1gYEuQE/DBSjST+uf+Wn6hOmwgZ/jzjxteKXhjvRVbf9nnPYTfJOgG9HYgw9xg+xEyb8i+tRRDM3V/8q0fxc4YiroP6Pf8vPfyow/rLms/jWcfaH+l7V/DrgxZP1/Zcf/dTX+cphXDVVgMuzZvQeMAByBpqNMaO7A4KQBiNmJPxQzkxNVIXiasoiIecSYCnyUcRrSOMdqlU2TLRO9kK64kD7jRNQc/aZW3FWkmYtTCJmOXHwySkN5IaSbsHCKXX/vrVZTjlNlKpwJGjZ5rpaCIw2WlJ/CIF3HKuKB/uKl5XBugZ9LA9xl6FVQWVZpu+20mw3eeg/bNNfO2sG4qsTxd/WA5znNIk75hc8NdbrJlGDlXVLD/6YWNOtwn49V9ckw2se+/E975e1XLA8/99qGGivDJ9rpQqPTaygI/uhyJP3zGYYn4/jv+hQM5AAv9HFtg3/0cecHmMohP+GC/YNYcWBR5q9K0DnuKMBya7r+ycfRRx2JVeGtROGZZ5+1Rx99fJn2d/xxx2qTJenTXYMfKlrZ9nfGaae64YQ6+uijj2CA8ouaqnpcY0BKaLCUM7Z/fuKeK/UV8MNn+jP4+uojj8D4RVgR/cMPP9R22H57wS7GcYhX4kueCxeyhTot0UCujlwcuAMxwlWmBgbtRQl9FQ6XpvTfs9dmOFXmREG8OGmSTqZRHQdxtMESp7coAMG1v/+jfTBrlmSN9I/Cqvy222BVHvRpKP8GX3+N8jtv3BTshvv70B/5YDjvnLNh3HZCv6GxPxIpoiy3k2E8RlGAefvdH67Hy9KsovHnKKyEb7P1NsJDmpddfoV4kmqQ+rWDD7I999xD/YC/ZjHcAt//t7EHINIfiXPdW7VpC17x/QO4uNXUVtsFIy92LoL8HeFaxfpjYF/h11Q/xQe90uMfv8h6DPjhi9M7774LX/Y7JL8M9yDHW3CVuR0n1TRu/9wgfuHIYfolpqa6GnJcpT0YYUgQLz869hhskN1CNG+59TacivNOEX0xJ8EhGflGQtS/5/mV6Y3pr+74W8AfFJbRz/SPRpG1PyghDjShk2T9Lxt/1sb4q/Gel4oKnOPes4cmgSrYkrH9CYA9MhgoeotXo1ROaJ68FZ6TN32kwvRFDlewsUrN1WugahycBlIDigKNkNSIfvRxb4ynqWeSI9rIiceVwPkOE3ODVtwnLJhi191/q1WX1FiuElDMBF03ABwL2VAs8sMnJkAuGgEN8DWmId0A/9rWZW1s14G72Zf6bm3btOluneDaUgtjpRwTfSk1ktQmaEE9XPnni0IpytdidXIJDPZ5+Hv98+n27KsT7d3p78IHHue614M/wJe1rgTvpEdZ+EJFnolUj36RGHzpgtmnXwnIKuKAa5PHcZAHwHCHjzvNS+EBfJMhyktxAdMcWLpsNNzXRv2T/qabbmqnY4OmqgAJ/BDR0//4h82YMdO23maA7fnV3XEsZA9kO9N/+ON1NuP9WZKzY8eObpghazE+cHMJfKApogTD/YQTj7P+fft61SJ5wsSJigdUQX5ywUIG3+4JOrmEz/wewrnn8KumbZRH+hNxVOXy2v9DWFGVTzdQtoVROWzYUNQTX1vRPuFSMmHCi/YufOsXL1xs/TbvZ1/eaaB14YeKCIH/T47D5svxT/szr8AT+1lT+o+nyrDsi/gAE1fc0/Kz/OHYYLqDvn6KtolfNd546y17FUdf8nz5HfFi4WeQAzteFn8P3c56/4OE/qHwcd8JPu4MV2PF/SN+OTX0fxru8VSZuDlVmgQvhw3BptYd4GKDBG4UfePNN+21V0ETK/Q7IL1nD9RnAP49DPtZqM9CyEEnne3sn52ZyM8NsOcNH4H6Kow//Nru9ttt58VAc8q0qXbjjTcvI/+Rh3OvwXYsqc2nr+F0mVdx2gv7+sAdti/Ccdudd+J8eBjWUCiPgzwPvvPUPw33W/GBrTT9WC+noe12x4k3bEwLsbma9ffyq69qw/U+OK+edQwUqv9hw0cCDoBIUN2KeylCMb8UngXDwghN1b/nFK4qSfiAokAjJDXZ/wv0HFPhOaMPvWX6V7PI2t+at3/Y05LOqnjxc9b//vv7XxhtczA48OXUYLjD7sREhpFHLWTZZsKUxO5MGg4iqcHfkwGpESysnkdYprF1gQZX9J0CMhkJZJdH389xD+xFnOk7+YghQR4TeHdGKWI9JFmE6XniQvi43wfDHV9OLcGKu1avCcdTW4CDLMssxp0GtnzVabBjBZ3GFXHKbQEGfO3CKszvWIWHjFtvsY3t0X0b22mTPtax7QZa3YaJbyX6VQOlgIM03OSGkQ1DaFG+1mbM+8RenjfD/jXzdZs5awpW9eErDyoN8H/n+dP1dD2Q7zRS+V+ZvIRAveKP581LBYJBGfm4w1VGm1OPtIHBcKeBUhSIUAV1KcriAyk1neOZbrgDYi3UP+lSX/vuvRfO6R6MWAgp8T2Fxm+93XLrnfbee++KZ6YPxEo1/bCptOlY1f0jfKoVgJhG5VAYl1KoBNQlNs0IBvrUq+c9hLO+n+dZ36A/aBD8qAcNcnzM1y5jhyywF7QH+mz/PJFEbk9Eh6xum2xip2BjZWWrSiQsjz795sfJb14EA9pEUNH3RGqCMQa5yuADTJRxIjanylWGGYG+bsg75eQTrHfvPsyJWUnc5Te74867YWC/pXQRQGGtuO9Iwz2nDzB9qA8wOX1uQqUhHjenNu7/p5xImr2Xo/+83Qmar4Em+SwKEPCiURfATaZCyXxhuBofgCIfUf7NN+9v/LCVJIKMf3ngQePJOgpECBy6Ie/UnxQ+khSyErBY/xNffNHuf+AhL4+yyYo7UvhF3FvvuAOxAn1HgO8c4JsZP4a/fg7jRyJHmgjos+88/Ag2M+MXm3QW4y05/mb0M/1n7c/HCfXneEGXLeqofFiL8x/7YVHI6P/P6D+ZUfTlVLjK0J6m4U4N0Hc27X3ByY+rR4lRHRtKUetBSZTTZk2k0yAsdHI2NRQiEWaEyUnPeIxZ3iCbpz+TPu4Ble4sWxScschevCcgIYE3OLBgcyoNd6y4w1WmCq4yNNzJkw63zEFiPhKY8gNWX0tVoqeJB8icw8eNKGxDFU58KcWKOLKxgG/tqsrtB3seZLtutYN1xkp8KTJkKAf5G0BDBgxpIO2tzz+0e/811l778B1bCn4q2lTAf7lGZ4iXwQ2nBmc8l4AW3XU0MKCc+HMmXf+sJ/BEJ5jAOtnXLwh8KWmT44o7P8DkrjLOD+i78imYAssWksJTTIz3AFu48QNMm4su8a7p+k+3v22wuj4EK7XRWCMPsf1V1VTZnXfcjfO0pwYZKEnevnnIN+yru+8mpf3t7w/bP597gcWkn44bRjcJ1ru3f890AP16AT2zCVPpfDnicYrR+Nt/0H7YALkvsqh3139afqbxhS7d/ocNvxCGLH7mgj6ZRdTlMD5/dOxR1h2rzAXZiK9EsAvwcZ8//+k+mzp9WoG9EIvys3qa0v+mXfFrxRmniv8XJr5gDz4Y/MlT9MkFm9fhhx+mjZp84SODUf5FSxbbIw8/6kdVNuLgsCHfw8o5V4zzdi1Obym4yuBUmXN/bh07dNKeA50qAx27MoUeDOfsqCMOswEDtoZbGXoghQhh8eJF9vdHHscRif9xJTGPykqFE0/AryX9+kj/PLv9H08/s0z7G3PxRdpDwl8Bho/EhuVauqshNJK/FPSPPOII23LLLfTCm5Z/CX6peeTvj+Fo0H972XDlivswfGSK9f8mVtzvKHKVIbOBCNTZFqfInHD8D63rJt3UjmIW2/fCBQvt9jvvsPc/cDcjFxVtBzWQbv+N5ScbK6p/6VvVCayN9B/bHxVLPOvj+J/Jz3rzppTVP1t8ccjaP0ZedGSOGezm6fknPf4AKOv//5+Of+j+4twq6SrTq4dqWcdBsk6RS69rTBVqBLF7sEGoWQCAvt00ENNB+RxYGJTlJTwhJjoAGxg72jKtDEnN0Z+J4yC9WUYiBczF2GN60/SZypXzRbjzA0xFrjJo7aTRAIOlFPyxjROeF04cXHWnZcN/dfA5L8GKeDkM7JpFVThFhkYfugyNe+wfLVnSYIN3xmfZB3zJerfuLFeZPFbOiacEp8dgz6r4oLyGk2me+uRtu+Gp+2wpHGYacDIMbSYe41gH470cm4ir8flz+k9z1VLe6cgnO34Ri+7iQ3xIpxzUM/P5qwBXobXiDh/3gdqcCh5ZPsDrjsfmgoPGAstCMadXn/6ewQcyUYS08PxF6t9L45pqf/Qr55nc3bp1tYXwDZ8+fbrcZ0S6Ef0TT/iR9cMxjeRr5KgxVl291FlMj3KOfr1o/61wus3m+CBQK9T91KnTbM7cuarTtPzUcgzSD+uSgQ+N5E8/r4z+y9AAN9qoi3XuvKE2hX6A4xQXLeRpN2uv/7P/bLLxRtapc2edyvQ+9ijQ178gTXH9KyNc1ob8m2yyMTYqd7Qq+KTPnPU+XqSr16j8G+IozG7du9qc2XPt40/xUSkXb71of+vb+K/6DQpqifkno8/R3Btopn9oYh3bP1n7y9qfm2q4ynDH6h47JL+cGmZ83EM8LsWw1dCQxN3f5JAvw9ubU9ooCPNo0U3FUQSLXV6O+AMJAsrITCfEeIr+rBmThTNS1AMHkgiru6c2vkYogrPDcfPZQhggMtz/cpvV6Bz3YAnTGobRohcLvaAAG/lGYfog13M5CjDlbVtZHYw/Gtf8oiU3qdK/VnEY4iWL8vbDQw6z3Xtsa11yFThnBuW0GxUGNfDRXYdGEI1wnljz0tKP7fYXH7UpM96Bvz3caODXXlqKn/9p4FfXWhncmrgURvpUXQ4rg3LtAVryJj0An0JUL5OjPCDaugEr7gdyxR3HQZKuQxMIf6kKifGU/pWUgvSi6XI5HQfp6cVXQunHitWo/9Vtf+cPhbtG+462aPFCfEXzV0Xirkz7W136LS1/Rh+tvAXbX6b/TP9Z+8NEIIM3TlA+T2TjLxdJVzD/trD9lc1/3nQ1hbCu1rH9K/2ju9BLAyu4OA6yR3cZMYXjIAsNKJpl3r14ZZ6znhh7QKSVaORogZeGJdPQFOkOon7KcjAg5RoiFIDBcq/ORafRKJK6BBqknFBQvHCqTOQq3pWdXLQyTuGAl52BMQWAkz8GGtiL0BEmLJhm19PHHcdBWnk03AHATgJY2rwKvPMh4C3oAWY3ZmQNPJBbSqU8dSVwlamwnx99im1e0Q2HMAIlcVAfwNvAoyB1HnwpSQn3NFtsj06ZZH9/6lHLtUIa8uGhg3cIYAdtnQxD1XP0Jx7KxxcBBMYZ6Dsf5fc1dsCxPuCDz6MpW/M4yAOxOXXDvjpEh1iWF8TyMgAxNd4LAD2x4s6XibVR/06F/H6x9ncxjpIsw3GBr73+mt2NowJXtf2tLn22n9Vp/xl9auCL13+m/6z9Zf3P5x8uAGXjH/oDJ1jOnRxWZBzEOY135TSaIbPx54vOv9n4u/rjr5opG6Z83LHizrZbI3fb2HBDWyZQAs2H+AgDERa5v3QAgJvx0PBl1zoY8lIwxIGQRlWghAw8sCxEC1Ap2FCoYLgTk4o4vlg23D03BZAkeIQUeKoMPxvzIo+DvO82nCqDc9xxqgyNXrEAAxj/2da8P8tgZknIiL5OVwO8log+rXwe0cjVdMrAlXDDe8CADbEhbvD3rEd5R5zprncBlScXlJPYOFbQsKbrzWe5Ont+7rt21yP32uL8Yvnc80QZ4uPaOH3sG3C8ZClW+JGKssBAtZO3qH8yjf8MPD9fm+mAH998B88N1hanypyh4yDx5VQAYjHfA5lRuSQSc5q9R0jqSHWHe+IqQ3RruP4jI2Qzyr+y7Y/n4/NDPSx7E4/Ze/c96T+oighX2P5Whz7rmcF593jUn54y+pn+0TiWN/55q4ltKDW2+iCCwj7+JHDrUf/L2r/XStb/NdTGIc+nHD5l4182/mXj3wrH/2T8kOHeE19OhfVVU+emBI2iuNGDliFdOWTQyir1AYgdTQGYuNquMkhQsrA7LsIohosMfeKOcMxkAF6tEjuk44JFJv/sFP1ZM6Y4/Epdm6Lvkx6L82x1fnuRm1Ovv/92qyqpwgeYkMEZhkVl0YJXt4q1isxy5FWGO41hGsww4mW0Ui7KqMJIr8rbd79yiB205S62Qa61VdCFBoBadSceBjzzA0kMfO+H97C9V/uJ3fnkQzb508lW0hpntuOkGa5e8xSbulo4ztPIhxEaA0vngDvRP5nRIoKn6MUDF63Wg1pbnCpzlnzc+xW5ygiPeGHteChKIyLiXkHQqTIEI7xq2tUp3eDC2ld2Gg/wrkz9i35kgegZ8Lwy7a9Du/Z2+umnWj2OOPzVr38TayngWPv0W1r+jD7aYQu2v0z/mf6z9tdy43/W/7L+99/Q/xLbiYZ7T7jKsEtV81SZYG/BlFFafI5mGG032ImyodQNaaDJUHQbqHAlCS0FB+OKqGVlOUg0vPCU0GLOcujHc9yjDSnQAO9IG1+bzmQqV9yj4X4DXGWqcBykfEfIMjmlTBA2LKTLDqWBSCNaUiFONxXyjkPa3Wh3xNhUhw8u1cFN5gcn2vbtelprHBFZwg824Z/85kkiqEZn3AMHN5wuhlU/N19lj735vD38/GNW0rYcPGCVHbyWclNqDYx4lgVzrAfpky8QGpWYwUAd80beYNBrqSu62fBUmfABps5pw52MC3Oi/1SESCllhHBdiD7S0hmAiee4O/Sarf8gVou1v4w+ahVKaKn+n+k/03/W/rL+l40/Pg5w/peL8jqyv7Lxdz0Yf2WLoSa0OTUeB8nT0WCIFWwxVhWeim6em8AgT4Z0koAiCmpWwT71OEH4x1Vn2ZMBr2gizkFZcdwYbUTY3FXGCflVQMu9NIbWMy7cGBo3p9JVpqrUXWXIsFZ/5SrjK7EsIzXASKZLnIz3ehjDyOAz/SbZd8g0/buxSG4bt+ls53//x9Yr1wF5lJ8fWSK+0NkIz0IoS/xcM+d7UzWM9Enzp9nvH4L7Tg4fXcIRlfX1OGayDEY83GRYhvD8K0VZmsbyKWcClUYlSnngDxGwic6N1X5+KAr31nCV+Rk+wMRz3NObU2NxYBBuoeDDMsEh0/BpkILhvubrnzzxdZICJvSRuK7aX0Y/03/W/rL+l40/2fibzT/BzMjm33Vqf7gNAgOoAieV8KMgnJL1AabECuMURdOPlizAaWQGH275dtPglPXNJsxAlICl4RjTRUUX5MGQUxnCE1mcANzAU35IxU2xxvRnTcWpMkQXyjJWHJLuVJysp5hHuSAVjFh+UH4CPsB0w3234wNMdJWhTADmRUY15Aecy4l0GOU6Q52fP6VacPyjeKEPugxmwPLlpypnu2w50I7f/Zu2ab6NDpKhzrQNlSvkiX5ID2V07iMxwXjH83u1c+1GHAv53odTrbQVjG+4d9A9hj7jpK8vp8oBn37vYhhEyQuYIq4QB7TzDpz6Eizkag1+zhx8dDjHnRBBpbgXB9cTMCBZSpeoHk2lFRXCOe59Nk/Jh8woK7W+mvXf0u0vo892zmaA9qS6ZLtgW2BgfO32/0z/mf6z9pf1v2z8ycbf/9n5B7OsZlzfnIpTZWBg6Rx3dwbjTFwU0qZaOk40bnqHSTyVSaNPRi+MTNiOmvQLk3sKkKzQwCOK5dBPXGUIlnAX6YeENNoUXq3KhkIEaYCFTcN94iL4uOM4SG5ONWxOlVrAK3emcpIQCt5QSD9LMVEvMUgMRrNW3GkwYwk+X5O3sqoSO/rgQ22/Tbe1jvXl1lDGFwUz3LwM74E3Ge7ESd8cyM6TXz7MLbXH3nvJHn72UWvg6TJ4UWD5Uhw5SUYa8CBwaIG/Dog3aYSSBf5YDDQaeOqM6AE/KqEN/p2pzampDzABluw4XBJhapOhGKJY/z03wznuoscbeSM/a6b+A9oCq+Iu0mcuOEsxl9HP9J+1v6z/ZeNPNv6uCfsjm3/cHEhNsZpz15X9l+nfTSvqH6fKVOA4SK64w00DvhpuBrllqqOz4oppsIsIV7CtPTFmRROKMAwkIOMRJhzvrGCvZJEWTJGlpTKEaJr+rGlYcWcobjme1kRyBPN74coCBR/3yThVhivuMNy14g76MjYBD4NaJ6OIoArJCHXu+ExM5BdXroDzeEegab203C48/ufWu6SjtanHCjlXKGFzUy73zwu4YYDzpBieA69NqsBH3AvwAvDq0ll21d3XW01lvTbNUnvaYApfeOmfLxb4J7ceGu/iBLy4Re88IY0vGzL6Ac+z61trcyrPcY+uMixJCTx4LXmNUrJCToTAvbhIksHkXr3DB5gC2Jqsf9EF3pZqf+s7/T59e6vG+BVXBtYH9T956nTdp0ybblMQZy8shOLK9Ppvuv/FYpn+oVt1DO8nfqW+i3tM1D96rPTPXIfI9J+1v6iBrP8tO/9k4w+Ni/XN/srGf++zLTn/xbkGhnsrfF59U034Og6Sq7kwWDkJcZIpGNw0mFBMjt0UAAOOxhykJWMP0cqaRRphmcfMpgOznBanNvwj+HLov0/DnSQUUFh0WQgJSTozmYeEojQVSi6U7nOsRk+Eq8z1D9CfvNpKKlEM7LOYjncFQyVgknqg8cuNqjTOyTNp5OFALkOZ6VhO5094JXWltkX7XnbGIcfYJiVtrVxO5sTnzKA7ApgBuEmLrFKnyBYEeFqK51kN8+y6v99r73zyjpW0KQN+1ATpYUzjXfAsy4iYc5xCSESQ339OAgQVjV8EuLrfBj7uvuKO4yABw5MrXUJR50NgJEY9QddUnnL1LARJmZ69+5ERZCN9Ddd/S7e/9ZX+/vvtZ3379bG+ffpC8WyMCE20/1h9Y8eNN/6tav9bX+UvtFm24ZT8WftDO2CtNx2y+sewpblu5eafrP1zTEd7UpMKd03aaF/serpk/U+9LZv/svl/Lcw/7GbqfpWtcKoMN6cioZpfTpXlyjdemnPsimmzzuPquwSJAYButtLQR0kvyBj+gJPUaKTCSpWhicckMBtghBTgcujPms6zt2GQJvgTLIik+Ezyk0hgpfDM2Hww+sL89+ymB++0pTn4uNNVhkYwGaYg4o3meKAJ3uiPLmMX+e5fjjy6owCqAYopgZvMt3bY3767w17WIVdupVhxh3O76PM4IrrACzGuTJYshSTBVQPd5/kl9uibE+y+5x+Ru0xZqwroFevy0CMNfr1YoJx0zZcdyK+VPU1EREzcQd+46wUD1LniHg339OZUsqBQUFETCUHHy8AQ1PM2w4q7eKJKkOaM4LYG6j/SaKn2t77R58q6Vteh5qT+qfVYP4zoJdOrotD/CGAw3p+ysePHr3T/W9/klxC8NCd/1v6gHA4EuGX9b7Xnn6z9+xifjb9oplkLzQAAOaxJREFUCbQPYsjGn6bnn2z8RQtZs+MvsaG55a0VXGU2xTnu1HEtXWWQgyherGEKyIh2wg7NFupGrBsHMqM5JygAMtyDgYcnuViLks8fLggTCB0MzvDWzr6wPPozYbhHLGJSVi9NFg+RvkvgT8xzSklJATOdhvuE+e/aDQ/dbUvxrxTnuDtH7pai2Y5NEgj0faPg1sJVb/qZMz+HHpxHQkM9jnvEqnjJ0hI751vH28BOva2CpjloYFup4wW/NK5jwDq68qnTyCcN+zo81cHIfm3++3bVQ7fCF3+RlVUCmuVBly4zdJGRnGCOLjAMwoK8aKABCqfKsL6QTx981GcbGu4HwlWmc3/wF8p4yYSzyEvClLDzkuSEqD/zykDJeKoM+fCWsWbrn1hbsv2tT/RPPOF469u3t7Re0L/XB/Wvl7hwL27/bMyAY6NG/rRpU+2J8U/Z1CnT/KUbycSyPvb/9Un/6nLQI3rXOhv/MvnRMltw/sn0n+k/a38tZ/9l/Q/zDW1FTj50lenRHZtTMWHrHHdM2jQ22UAVxUUxJHlEyYULDUNN9gEgKctnBBoI8jEhlgiDJBq/eOTE5/QE7ZcER1JCkVkzgo97CjSiTJICieLnmFigT7LzQGfC/Ml20wN3wD2FK+4oRX7piA6/c8nFIgx6O8EDEsm7lEeRYGmX8uNIdbWwjcusc3knu/B7P7UeuVZijW8u2pQKgvX4RyOfNIJ65RYfZeBLjlbkYWDzV5ZZ+YV29aP32ORPpsL/HqRhu8cTbkiaIZ4lT1MN5pbSVBhICcN8Ys3hOEiu2Mtwx3GQX8JxkHyh4Kp/pM+oQjP6F8IIE+9RteHZN6eKsqeswfpvmv66a3/rA/2+fftolb1vnz4p/TLK+ofeVR8r1j+biqqZRVHm+ptusqlTp/EpZBBHQFcUUXLhEtqyBlXRBzI1bjKCkNU/9BHqJnY0qgj6X9Xxb31of16pqWtW/z5PJHWbtf+s/694/M36fzb+fZHxP2lZlfiwTw+suHMRrgpWI6fbmCnDFXMOG5kW6UIOjW1O1PzHuJfiYF78xCwZBxEpQRRSCcFIjFhiju4sn6I/c3qx4R5hC1xH/IW7YAqAIcM5l6vM5+/aTQ/dZVX4ZzzBhYYGeKJPuhapaUkjSfKLV8SpGILhH2dfHtXYUANG8Q2n3bb6sp2y23etEwC0Eo/iZQBLdIZyHlxXWg0PVjzZ5BTv8uTtU/wK8Lc3X7BH/vmE5VuBGhDpOEoCCgoR8eulRAW4mMRAtHwHyYFHboClMnmO+5mDuTl1c5zjzpVVMpcwpXK8kART451pjUMhrxDj5lQ+KQCB0BeyQ0YqIdCPtGKO7ixP/teT9hdehQp1CUmLW3zxExW4puW/dMzFSb14K46ao2qbp882QUgPUct4ivWPJBrvU6ZOS/CzWWT6z9pf1v/QBtA/1of+71y0zPybye9jLUdZjr2rMv6mBl8OuvgLo3E2/0EVhXkrakb3bP5ZZv71FojmQx/3HvBxZ0OqroW6YCSpXeHGuyZvQtM25OglAFpTUDYemUK1c9NlaIpMKOBANAmEpx843UtUEjkJLCJsxMuhX1hxd6oJXkSWTUnnhjjpg2nveMHHfQF83B+gjzs+wFQBAArMVyEY7mSNf2HRmjEkOIM0hGkQ002lhKfCQHdlS8yO+doQO6D7DtYWG0jzOL6RauNhMyxFJukb55idZyaThgLy+cAbV9DnN9TZO1Uf2xV3/tGqKqDhSlUCWCRCYMEjWeVjon/yH3RIvFQpLzT4eYJNaxwH+TOc4z6wC4+D9D0JgPBA2IQZxBs/B7CmMiKoPsAkwglwIQKg1an/ddn+zjjtVGvXrr3NmjXTbr/rblX9uqQvpUFf6f63//77YrV9f1QnHGH4kwyVjkB1e8vQoyeEvJDiN+ofjWX6tBnWp09vT0vqKocV96ky3iNe3tP0W1r+jD4rlZ0btY2KYb9nCseTpP+zVpM65UMqEH41xt9M/5n+s/aX9b9s/Gm58TcZ2lvxVBm4ynBFjh9gYtCmxmCgegoT8YdxSzefLZSot04ahphItNLLPMIBUEYjZxfFOdEggme/EZBZ7q+tNKUQhDDB+gxpxNHUcZDEwvdfXpMQH3XnhSz5REcwT4k+7pPtRrjKLIGrDE+VIXM5GLg0umUgA1hyCAmxEAQwlLcOmXRUz8EVpbbUOuba21mHnWRblnSxNsBRz6+VwrqmSwpAUAYykT7+qJbIi+sJQyLT+IdpmHtalyI2O19lV/z5Opux9GOdM99Q7x9jEiN4o9CEDVqJ/pVBWo6L9SOkPI8SVj7PcT/jQLjKdI7HQQY48oSoAhkSgpjQ6E6UAdijhQQZ7qG4y8UHcEC9BsH9xjLMWvn6pygke8ZpP7VNum4isYiLFZTITxiiVrrZBaNGYe9G7SrTv+SS0fjFJWdz5syxyy6/MsEXyPkziKyr9r///tiIut9+LlZKvhXJL2WAadc/NqRiM+qT+OvXp7edBD/5xvqfOm2a3XD9jU32v6j/2F6phHUlvwseqiHKn9HP9A8NcL5I93+1U7V5jgMcEGL7R2Q15h/h9eHGG2LW/rL2l7W/rP+t6/GHo08lTivxFfd4jnsYkzhAYZCjsSVDKy7pYezjAJYOyyYVUjzGqyPQc5x4iVhb1AvYYhZTGtMvrLgX4L9QDERIej5YemEhXGW04u4+7m7gAIArmuCNJ8ZwxZ2GtwSX0Y4YVtQbcKZ6WSUcTkqQWVNqW23Y10476BjbKFdhlajMehr3KEXD3bB51U92QYIQ4g7jnAf54D+jvoIOnkpAtw5Hx1Sh9CL4pT/y+jP21xfGWkMbAoEnHmvDQDnwpxcdT8GDIwwQBRgQoF9+W7jKnAEf953g414OJVDMdCC/haTUUyqahm8cl+EuDCzguMAxYqtf/0IDVCOHD7PWrVsLf4FG8phEyMGFF15k1TW1iK0a/TGjL5Ke53421359xZWqm0i/Jdr/r0aPTldMIiMj1K5ruyhZaWxXUf88RWbcuPFqMyzE4yNPOum4osLEc8ON7u/euP+1pPyJm3gTwi6bVEjxGK+rVv/UZCY/Wg7GCI6Vmf7RINiMvEGxeSRh2aRCisd4zdoflSd9cJBRBJdVmP9VRuUS1SuybFIhxWO8ZvrP9P//f/tLWnarykqc495DfaIKK8gULW0EcMGCK8xx+vcVXDxjNM9hNHejQNka4N0JhvAsURjnPEXFaHsq8OaGRYRbPv1ZaR93IY8UgCiJJpEkqZBCMOeYdjh93F/6fLLdAMN9SW6JlbTmhtSwAkyLGP+L5E+sXJwiU4eBIF9rZTAgG+DSUlpdbgdsvbsN2WmwtQWOchTmyR6UW1eeOgNp5VpDfRIX/pO3yJ80L6MeZZFXDQzVIDOldrZdese1VlVWgw204JFnxmP1nPrHYrvvaCWjwEkckpDs4a8ERn4D8krkKoMVdxru+x+Ozan9l3WVSTgBzhgic/E53pWeygzRXjjH3TVckCsF5UYAExB4W5X6h0pQJm+jLx6FY+3LbfHiBTZ95vtElRBL5A9J99zzf1bHlyYBAQyRlWl/NNyps7mfzYHhfpWwRfpeceuu/Q/afxBcZPaVDLH/jR37lOp/0KBBksw3S2v9PGl3TNNKJCDI+9Dzhy8jf39sduUJNWnZuOp+/Q03CW9R+0dKpE9E67r/p3nM6Gf6z9rfup1/s/6XjX/Z+B+smRaa/7wPYiKOhjuN8xr6uCMwk1fahDpaEMmelthHMrowdQBCUCyg4MYYzadUus/+KQgnz9Vt2q8s418JWz59Gu6E8NIFngLiRrcIyeQQlzHOppe3WrzpL2wosTcWT7ff/elmWwDHlIoOFfIdzjfg9Bcs0tbDOCZ/PIKRniYl5TTqITVEozFM2XmiTANeeFrXtbJTv36Ubdepr7WG4Y4zXGCUuoaoDcZYjsY0cdWhPI/co+FKgeilFOVCtmDpLoP9rjYXq+6X3vc7mzn/I6stq7Pytv5aQLnyeIHIY9meOImMsnEPQUMdXk0gX64ceeViGJkl1h6G+09huO/UpQ82zZbqTHqURCmnz3gMMS3emR7j8R5h470HNqdS7rVR/5H+r7BBkxp98cVJdv8DDyCZmvNAvtYE/TGjLwainM2dC8P9N1hxT+GP9cQ6ZRtYG/SJU5jRTn4Jt53G9M+FEU76J534o/DhJWdQ9Q8NNKV/Gu7pGoz978QTj7c+ffvihYbac2mGnj8ioc/kxvS9/teN/Bn9TP9Z+1PXbDT+Zv1vXYy/2fiTjT/ry/jjC3GYfStwjnuPHj01n1fzi5ycosVlmJphPfiKe1g/Rl6Y3wWmuOB5CUYMowEVV8b4wEetriLCJBrETPQcPAhel2bpz5o+BYW+WHD0uMp/nUZRzpaA+Q9xSvrF119uSyrrbWl+EfxacHwjzkzPwRLmGe0Go1wy4kQXrV7DUNZGVLgYEa52SY1OlNmkciM7f8hJ1g1+7igNw93lpZjUCv94ugzPe8zDL57PhPHdpTR0EYWRRr5odpXADScHP/s6EP8ceQ+9Pt7+htNl6tuiPAxxnuXOhXss9iMBpblZll9mUq3gVg8ZYbw3QN7ydhVWzw0MOPmmc3lnu/jwM60rjqssDyauypABvYyQYwYlJLdUxLObuRZtTiWqNVj/NFS5mfrCC0aIncefeMKeevqZIHLUNO6iC9oroN+pYyfbfvttbaONNrIF8xfYe5Mn29Rp01VuzOhRWHEvtbmz44p7y7T/fr25In4CeCrQf3Ksf/mU4vXp0wfG+/FB2FD/afnDLziszfO54o5I4/7XF0b7SccDR6x/lL/+xhuxWXW6v2yyoall4o7/6g+BouLMlrKboL+G6z+jn+k/a3/sb97jsv4XFJGNP1BENv6qV3A+CubLmrY/Wnr+4QzMKRznuONUmeAqwy+npn58g/QO1QArW6YlS2Ai1qbNoJsSoGGaApWlJWpEmI5SIcfzkSafST1F7YaskLY8+tycyoFKdgTgSc5N3hT9iLYp+mrYsGmBhC4x1cAwN19td457wCbNfMNquTm1FQxgWNj18IumsctVcisrc6MdG0Pz9VylhkFdWy1jmbZyWX25Dey1tZ2531HWAba+ygC36wp8Ig32ungFdvFN3nnajFbgyXP4ox1Ogx7sU9k4H77OFlbkbFr9XPvVrXCXgeFu5bXWUAtN4UWLRr70j0I6aQS0nBheAmC0UVelFeB3aa21KmttW27Yx07f/0jbEH74pEPwdHCdplLII3CQPYYV6b9n380xfqBQU/pfzfqn4jbdtLud/tMfkxO74+4/2ZtvvObyizlcVrL9HX3UkbbN1gNYKhVyNu/zeXbzLbfZWWecBn2W2Dy4yvzqyqu81qiLddz+D9hvP9vvgEFF9M8bNkw8gx2IyxX5S1wGJSCq8bu4/8n9BcZ4c/3v0jHwoScV9Q3DC4y7y7Adri/9n/W/rvWfyZ/Vf9b+14/5P+v/2fj3vz7+0w7jNK8V955ccUeopnVJtxBYe7LFBaGs5EJzoIT5TeQ5SpqC4c0PMRl8nHCLklnYTcEi84JJy6HvrjLLvA6gUAwRb7yH9PBIl5f6Bvil49x1DkU4awSr7GZvLphlV959vS2Anzs/dERXlBKcb69JGyvfefwpUG5EaZjrC6ZYES/DunUpbPhDdhtk391qTxwDidVw+ZO7fDScaR1zEyo1rmdESF/7csCTdIH8mMcUGuzlZTxpHefrI28OCI/5yzU2ffEHVtYWp9Wgsmi4A43wy2gHw1qvB6x8nvFUilXjumr4xsNtplNFRzvx29iY2q4XzpYhpMx+xIgkhLRlHtNS96L6SqV7NI8vp26B6Nqpf9LYDivkRx1+mNrfFVf91ubPn2+77rKzdevWFft/6+2TTz61CRMnWo02pLp6qPd0+zvk6wfbHrvvrvrgBkRCSQOIs35ra2qsAr+ocJCYh1Nlfs1TZUJY1+1//0E4TWbQvoE62h/+nT9sRFH/c6ObIJSl0NFofPfr00fJTz6FVfonxxcUEuo81idX7fv27S352b+nTIfhfv1NgW7htq7lL1D2WEa/5cZf1kCm/0z/LTX/Z+0v63//6+MP7RTO8vBxx3GQPbrrsYq+0kzEJQ+DUh2Uca4yAjwWooEZDfdoKggZAWD4YDE75LuhwWuwGIjdn0KSY+YDq2T59Is2pwpTwBXiuhWTKqJMCsymu4y8SrDJkye3zIcP+XMfvGIPP/+Uza2aZw2l+MYpN5PCAKc1Xa9Nu3RPgST444tNLleGdKzAY19Al7ad7cTvHW3blne3drD8yqkAvARRR6QH21mbTRnnH9VEo513JkiXIYNFmZFsYkV6Fd4UlsDy/OtrcJeZ9JTVlOG3AuqZxeF2QzaFg2VBV+laGQa/XJVHWudWnezru+1ru/fZwTbGansJ3yR4Og2BQwgs6ClubORDOj2AJrfGefxy6tqqf7K699572cEHDZb8T4wda/vvP0j14ooGAPTCNy6eoMI/b1UFLrfbbjs74vAheimj7JMm/dueee45+bIP3GknO3jwAdambRtv/wD4bB593H3FnfSFCRHpOzxT7UyXLtdw+5f/ee++aG+ggP9TYVDz1Jc0/V9xtZwMkBHQnzZjml0no9v7Xz8Y5HR7iYGgREd+Y//jywE3ulJGXtj/9YIgWR2KeSqmNAIWyDJdhdew/FxAWF/Gn0z+rP6z9o9unvX/ovF3bY7/2fiXjf/p+S/OQeEDTDTcsTkVxpybtsmsTq0pj1M3h21N0CEbCRrJacjifBNAsDwx4UrDES3a4T2HxqhWhpWo0j7Zp2gsj/7M6e95IScSEMSbJyZXtniynAr8cA39yEuRl6+uxYZQxLGyugT3z/J19vaimTbh7Zdt1uwPbMHnn1sdNqmWY/NpeSlXvlEGBn49yvMFg4YtfcgrGspsq16b2w/2+rrBbMfGVKzYU2oaxvhP0WSMQxd00aHhz47OvyTASMoHtxbxDKue2tQVhjfPlMd3Xe29RR/aLY/eZx8vnANjHcj5QkDjGy8gDZCNm11p0JfgxSSHt4XSshKrLKmwft372J5bD7TN23ezziWtDPtb8fMKVuHb4FOxKO61pAgfEFyLy8Y9pSg7JMUy3JxKztdG/ZPGt7/9Tdt1512cKlmmfvGP5+U3bn+PPwkf+H8847wAkO3vF2efZV06d1H5Fye9ZPdxcysrSaVz1mGD9nbuL34G/eKNCPjnfPYZznGn4e7ECEmaegzxptp/q8rWtsuuX7YNN+xk//73qzZr5gzRX9X2f9IJx2nzqcvGF5JxxhNl0vRPPvEE6913M/FI1qZNm2pTp0z3/ieGQ2k1xhxwjCfnHiRWHqv6g+wA/LF1RwGHDhtepBumCx0vLMeAeFPyr636z+i7zjP9q/Vl7S/rf9n4s47sr2z8b/n5L9oByakyrBS5ynBGoNFNI1O+HDLDNEryTZsTNW3iEuaH2YMQiod8v+Eqg0gjiyZ6rvIJjumwXJNVfWEnHCMs1zT998NxkIAElF9VtCjuKboShHlinDH4jIM2jWbYvDiHHdyAXB0M44XwdadLymJ4vi+pw4ZTGPbY7wlXGLjVwBim7z2d0utQoIbGf0BtNfW2QUUr27iik4z2MrikEDSKzgedu45koAm+7m640/gvJQPkE8a7W/N4xn96wfAlwysKq+5w8amHsT5r4Wyrw0kx/MgrC9TCvqyXs7y73vCXBFYbeawDxdYwQNuUVlonbEbdAKfIkD8V5RW0ZUgSVUgV8fjICguaZhLYUiikFqcwk5tTmZrUc6DDRKJL0qkmyKxfMSJWocOlmfqnqo49+mjbcqstITlr0+AWM8kef/xxW7K0ynr26mGD9tnXBiA/0rnzrrvs9TffEvOkf/FFOEoSFVtTW2MjRuLIRyAlHnLmAuZsP+AYjJV8KnLOZ/PgKnOFIEifYCtq/+3btbOzz/6ZVZbD70p4YSzjo0fjsKk08sW6Xhn5Tzr+BOuDIxsZuOrOlfPrsOKe7n9cUdcGVkG5GAmdQD9UCrHA8IfxD9eZNH2uuPMjTypNAdE2h+K8fArr+iF9ZK+E/A7mOFSABfmfZRlh51hJ+TP6mf6z9ucdO+t/2fiTjb+YPjCFpOc/jpCaV5BO/fgtzDNKQJz//wvmn0QM/wBTTwkej4OU5BwrBOVq8UcqCDOuNECTMhi0DuoaBQQNfm6CE0AcdQHjUWIgTuRrAqc2/TkeR6dyTlB43ETDl1PT57gzHyGiJy/FD0woDm44gzJWpMuwwZRHKTbAvC0tq9CZ6ZRI/yAfT4DRTxRwM6FrjcTh6jaMZ666UzjS1Eo3YnrH4QkelIlwkTHckxV3wBMdjX5hCBd63HOlPKCVPzYXxZWNu+iAU2geV9LN60QYAtQisxbpsN+12RU3GVg1yOTmWxq45ShRyRhcflgmh6NochXuPx+JihYvDCS4kqGoCB5ouK+t+qfcp5x8im3WuyfkyNmNN91s702ZIk7FMisJMIcO+Z7ttONAyTF58hTA3SKYylatcCLNMGnw448/sauuvkbGeeP2t2n3btgAeypVBR93fIApGu5IWZn2/81vHWJf3W0312NQUB02Ng8bcaH4W5X2fzJOlOnTpzfKEV3epkydYdffdKPkp7R6ocS9H4z7vnCpoZ96n369l9v/2IKuv/FmrMpPTeSnm8wB++1LMuJ76jT4uOMFwTezuhCkvzLyr836z+i33Pib1X/W/rP+l/U/2QyYa9PzD+MykjhHrCX7Lxt/ZDVDwwg0Znp0h6sMrMZqWoGezCwEPBOKN7zu+1uOMmSf+ukyBRjP8fqTEYqyrES5cDAzGrwwbt0AZRrLA5B5wfCKeJwwYZiVs/enBVcZJDlbfo08FsqFmFBSWCBQCPAyxGE+ga5IAjdNeFgxgtSaNB7pvuK4UQ7uKDGIVTywISU8oj+HJwfjA/7SjZjDPrnhlZ8EorGNYgUaZEYkqR8mR/pKhmFOhCjPO14gqDPi4WI93xX4QoBCCUvumuOGeyznbg04JhIvLoRHsRBCQT0xzlCgn85ljj+H1FSmDHdnTUBrsv7Z/sqxabgdVrRra3HazsL5RTySLwaq8dLRF4N7HPlZvQSr7GPE73bbb2NHHn646v3fL79qf/rzvRCRMkKARu3v0jEXA1MJVtzn2GX4cuqqtP8T4N7SH0cskqi+vhm0PFSnwYAr0FvZ9r//fticipXwNH19SIksk+dUHVF2BsKzXGP6SoC8pD8ZK/f0lY/yu7zQhTRlcqfhHgE9UkUo19L9P6PPkcODmmwz9a9hhID4W9P9L6Of6Z8ayNpf8+Nv1v+gm2z8WSvjbzJDV+A4yJ7de2j+ruIyr8wdTBCYqGkgyohVnHkxoFaQxolBiFhJjKQCH2l8xmTZRXxSjRLQC+lKPMhinCVk2jZBv6kVdxVp5uIUQiYfnEBgynPZyQIrAhS/NNqZjDvtY1q4XCnnyjadH7jZM5Yj3xSLNn5cJadBTIOcOHgnSKTNctQLV0p53jsflM9LyNNzKBLjeJTLDlzxHR4L5qTJQDqkKcR44LP0iXyBMIFE+QBAykETgPSZFOd/RIuC8BSlrPhB57gDjHgjSZZaE/VPPB7AWWgwpMNJRARDLm/nwlWl44YbKnn4BRfi7P0623yLLey4Hx0jqDfefMPuuPMe11UBHfLwQgVXmtGjL1L756kyMtxJIwmFAk3R34cbaA8cXCR/1ZKlduHFY1wRwuNM61pAh5zi9t+/b2+c036Cyxjo64x1njfPckhrLH9frL6fjK+hNta/XhZC/2P9n4ePLJF+vz7xLPhAALex45+yJ+FSsz71/wJ3BYU1JT/hmN5Yfr0Ir8b4k9GPGsj0v6LxJ2t/Wf/Lxh8fhzlqrOv5/7+1/2m+46WiAue49+whI6AKBinTGATgr9XK01tkIUcxvwhSUcHQEkCgYYA1OkRgosL6TeZLz9bVaSAaUBRoNE0/+rinUDQbJRtEGznxuB6VmlwISOsaoVAmPFB+8M4Vbe41ZUekgwldygWMmwLFRIQGMQNX0mOgHshJIKFk4mGq3HFoiNPqBv5o1BNW+iJhvRkgD4mSgQX5h+eigQFJCiG/oEtwABxR/0znCwYD+VS6ECup+NJk/ReDNH6KhvvaqH+y2a9fP2uLU1/mzZtns2a9jxSmUmjXX5Tz3HPONn5gie1v2IWjZLiX4Tz+0RddKPDP5nxml19xVcHoBYqos759YPjieES+uM6ZO9cuw5dTY16anog2Q/+kE7mptJ/o12KT8w033GwzZ870IuEqzsl6EKFAIyQF/V96yegi+lOnTbXrb8BqucKy8tNwPxGr/s32v0DzvPOHS/64Qh/pM9s/1oRYeEGKeQmzgXr6WTAsjLC26j9NzyktK39GP9N/1v7W/PzLnpb1v8J4I3XEwRsP2fiH1pGN/2oWa2v8Ca0Pvs/8cmow3PlxTblhqIcu202ZkjYWveGyxeIvYPQ0PASL0B1DAiTT2LphkMiYDMmxrFDIWGEGn4rR+jnuMUfZxZfQaJToxYvzyajo+y0BSSJkDTB45rBHWRmioc04QRMXlwhAePzhZEjlB+9xrYiTJf7RGPfK5C8ZDl+G8lxB5yq47HMA1SKTXjk5fPmUK/6kpwEBREmO4EwLtr7iIoA03ZnJoIIejc+kT7m48ZX5MtxTIIo20v8y2V60cbI/A68b7kC+FuqfIo0adYFVYNMnfcaHy2cciUEe3cVJzn45ZhR0ivViuEWdN/wC5w88jRp5gTaN1iH9wlGjcV4+XreCrnSD/N/5zrdwNryfXDM3dY4781kHvBeFJuhT/latWtsGHdrbJ59+6uBfsP3zSEi+TDh91iB91G/CRtVpjrcJ+n37YaUeq+6SKWE2AELG62662aahvM6J56ZUZjEgjxtp5SaDx3R5p7/y8hNyTfb/jP6qtb9M/1n7y/of57wQvuD4G8tn4082/qzK/L82xt9kRNOXU+EqQ+OQhruIoYFrsRdPPtX723s0akNi6A2FG31uuaGTZWioFoRkk0cqiTADxoEMOz4zhCx/AmvN0J9JH/eASncvnbqSstNvEqyITnhgEf6RL4bAEl1jYiBGKizySfbpQiPQVHkeL0k4nuzCPB4wQx3EwA2sYQEd+XiAr0s0zmmJUx2Ep1HOdD0QPzd7wImde0thz4sPHCzD5IRfoos6jcnER/AkxAwlpB5S0QhbnBSeYmK8R+Dkzg8wbS5W1kb9s/0dffSRtvWAraDHnD3z7LP290cfT6jH9nfccT+0LftvLvV9+OGHds21fwAMmIZCzjjjVOvWtat0NWvmB/a7P/wxZklXffv0tZNP+hHav2uOhvtl2JzK1euWav88NebkE04UfbEFPVD+IuMdEkb5WT3U/wkw+OkGw1agVzYWRoZOlRk/TvrQx5tcNYBjyNl45D0xdjxiUo1Kt6T83v9aTv8ZfY5rmf5bqv9n7S9rf1n/y8Yfjj+Yk/X6aZV0lcExerRydBwkJnEal/SHhapkhGk+T03iBMjR6CSKVOATyyooSykhgbfCs05scRbcyqChGiyF5ujPxKkyHMQckPiKw7I5xSmUJtkUiKIyfFN0RZ8WDwKTGciSxAQqLNLiY0p5nORC3TjbEjeQoauMVsJp9SMtB1+YWmFwPDjHBrhcQSrCC/9kqSOKLD6KBTKAB74kEAXdaYifLwesvtZMjrwTJWEdFFcP8augMV2n9qTpOyvOXASKhZu4O0jzgMzp1ad/IM5bY9jC8xepf5buvmlXO/20n6r98bjMyZMn29M4q33GjJk2YOsBttceu1vP8AsSz+3/w3U3plxU8tZ1k652xumnAlOpDF2eLvPyq6/YZ7Pn2A47bGdbbzVAX9aN7f8zGe7+5VTnHtcWaP9cGR+EP7X/QH/y9Kk2btz4ZOVd/MU6xYOOeMRpMd442Ijih6nGo13l8IICd57efbzBhbY0Fgb7OKy4R/mJMwbhZ522gPzkIaPPrprpP2t/LTP/Zv0v63/Z+NPS4y/nQczlMtx7YHMqHvnlVJ8eOU2GOA29mAyLkkasz/FMx0O0LMO0ypJNBXZ6rlJrJZnliDTi1ZMbpMujP2vGZKEOpRV3+IiI96ZDLMNfEsg3V8YFzWcFh6CxyxghGOOJOOSbu1OlCsTDt5VkYKshK4PnpvtJMXJ/AZIcfGZobEeu6JqiXa5Rfugz2OeiRki+LCkEnPK3CQiYxFy+F0Q3F25ypZGVvBQAgFUCL5EiVx2i4PuBCAoLUvSGwEQGYiYU7wwhLj7wGLOLo6knB4g+7sgoCsxd3fonv1TdXtz8OXiw8w9hvTaLGWTqLbfebu++h19pENL0d9xxeztsyKGJiC5bLJ+3T+Ha0qXLRvrI1ZzP4OOOU2UcgdNvqfZ/0km+gi76EoiCRWMcK+iqM0rrQW4wMPYZqI/x3HD65HhzN5oTmpRfG1+nTkOJJuo/6L+l5I/1n9Fn7aB+2BnY2WNd6c7aXjaouaDI6oy/mf5d5Vn7y9pf1v+y8adFxl8M7XQzx+ZUHAfZo7vG/sJxkMiQpeJXPhUCn3zoSnK5AqcJhEjxB+uYP+XTqG1QHkszA+YDn4UCMFjyznPXJWkxjYVFN94LT8hIneO+/MlKPymICM0VdTEWF7J4EotIBgOa1GKgZMTOPwbmkUOBMhMPXOllDuVLYZdBLWlqPD2HryTh+6Qqz3SeRpPsNyUKrMhXBQzMpzGuXwFwJ58kxz8a3AWjGw/OvPjgywINeZ52IxjgbYBPTQlca3gUHPNJSvgRYdz1z0Q9IdJ8aBoipsZ7oXxPrLivrfp3KqyRBttm661tyJDvW0VZpQRyKSEfsquqqnBizN04p3xKs+1vz913twMH74fVdZSXPnGFOG+88QaOibwPvvDDYbiX2CezZ9uVV15dEBD69FrhPcjPNr0O2j83nZ6Ec92L6OvFKoeVdxruZk9itTzq/4BB+9p+8F/nrzxTcQoNXWQG4cNSdL1hw2rc//hFVn6ZlW3bZUskxHMMLSe/c5DRL6p/1tU6an+Z/qmBrP1l7Y+zMtvBuh3/2fqy9ve/3f9iq8PmVLjKYMWdbRAfAcUtNMbQRPiUtFHGEbwwTCUYsLRh+bO7n1UIA4aZIejjLREmpHtZByhQwjMeWHZ59BsfBxnL02ZS2XCP9FOiJEmMsBxDLM94sMVFn2Z3UV7Mj4ni08vLUJcRhJVw5MNetjwtacTp3kKfdPz3P5Znn2dAIn3gua1A+aGsDEAIQ9AIzvxolCsRz3qBwI3oSJcbWmmHE1aJwK3ySvB08pqUZxR5IdvT9cBSSSpLNBsiZFr/iasMSq3p+o+MkDvVESqtXZu2tu0221q3TTe2RYuW2PTp0+E+M0WgK0N/k403to26dLbFKDvr/VlWjxNgovxOJzxS2BDS9Ndl+yf5eNRjlL8p+mPhPiPYPv5BJsHwgnpNZMJTrD9GWIYuMsvrf0IqLAX9N0U/gUMDS8YIEkZokj4zwMOK+j/BGFpS/xn9TP9Z+8v6//LGXw1SHKey8S8b/zFB+vzrrWJ157+kvAz3nvhyKqyvGu5+xLTIRhk3utEKLGFatM5YkoGgDHimsakyeFSysDsugiiGiyZx4o5wzGSgoQocpLw8+rNmuEGmMiu8NEVf7DZZMlJ2+g7CNHddAcdR/iZLN5EY4IlDeHCRofz/2juXHj+OKor3jB3PmABJrCQ48Uwgi8AiioBNFtkQHBIJlDVfIOJL8VVAPNYg8RQSimI7kCggB/JAxJ6xPcP5nVtV3TNjWxEYz+tU4u6qW7eqpm/fx/lXV1dTICEEpV40T7v+qin83e7GPcenXZdn67I1rxqOzjXGvTx9pMazb/y5B7X6nNfvpTL+g9qAi/H/1/tvZNcvgO5JKj8s/Tsq4/OV1B+99daB6y9CycT3qymZ74QOS/mPJz9i/7F2mHnnnSvirnt2VO3/qMjfcj7F+pfrlwRy/60Gp9H/Rv+j/4dl/4ZWKCDAfVNLZQjWW0z/Vux2EIfWy43s2MlLmjU7JhAOoPO0M70tE0MwHwyyAlzRVcvARoctARhcR7kNNGitzKnv494xpKtafetq3+m+lQveBd/Ijoz5lqWM3+9/3Vdua0/zGneID/b+0yN6d1j6d9TGf00vnr5++bt+1OKXfbkJKCoJQe2XP78c+1os8V25etUz7VevXPlc9nfUrh+f8TD9T64/9hf/E/+b+FN+IP73EOKPorqxsl9O7dtBtiUeM0glVKm051S1g0d1BrKDoCZOvq0NOlQeFv6BHcAQvV+Ino1u48BDdjA0ei2VqdqZx4z3POzndvkujZekZf5gx1V7f5651X5ul+/SeEla5ueeeq5q78/TeUvefSYVqtvdpfGStMzPPfVc1d6LZwbuD/7+lxrsG1/Eh6V/R3X81y5fFoC/3I2m3ah7y//alateCw9wt0JIpJ/H/o7q9Z/2+5/rl+ofcEj31v//Nv5E/3EX8b842qFuiT+nPv4+TP9bPkgKeE4fYNrc2DSk8weYOj6zibJIRrOmnqlThd6YrJl27WOijNe2W4VpRJd9Kn50X23NI0fqNqh8n6Lv8+rF31rRmRIuYu/4f72iXWVgcn/OUFikYU4LWs/2un4u+t5S5+Xcl/8sOEZ2ZJYN3Kb9gfvoFHubfi6WvaVls+M5/ubzL+hS2530qeV1/f/r/T9s/Tvq43/vtVelfiv6WJPWtj//VSkTsufFVGbUa1cZlqRdufKu6KV5Xcso9zulStfvt7+jfv3/b/+T6z9c/x/5R/6HiT+if9G/Q9c/R2Yd6uVU7SojsOV93Jcr6YnfLS0B5jJPwK+5jRb2F5WG5Qb9yjVMPwfXBSMgAj66yPgliy74yN8S2KctVpUSTfQv9qeA0n92LBQl/ke2Ef+reaLEn8RfQQvwxZhcXDiK4I/gr2OCPxvKBrif064yzLjrA0xa414wiBnxHWFphUMuCMUeLZbYuoi9qkMo+iJhGrzcOX/MhVBKiKWmp6UBZfzIHw2J/sX+4n/ifxN/En+DP4K/gj87/u5YW8B9fbq08azhtLeD1HYTXtIgcF0Qqs6G1569UY4CBxPVlc/Q6JYXEpXaTI8XQBXlwNFrg/TjoH/P1I8hMn7kb52I/sX+6oNkyMEuJv6nvSBkBxv/m/hT08iJvwU9gj/kGIK/DDRPKP6cgfu6dpXh5VRd7RafBPUztVqDXv6gABQNiBQGE6rwd5NMM9mhtWbWVTccScs0PO8tJm1cvaHOqqsdZ6Bl/MifNVXRv7I1LCL2h8+J/8E/xv8m/ujHbOJv8AchsifpQ5/+dOQM/jKUxF86c4Lw54DL61oq86z2cecab7FUBuysy11VZrcvjBvcqvHyGfFYJhVS22+8FlxLiXqw5QugHZgr2wSpxgykkaxwnmpnWU2RM37kH/2L/cX/8CMWB9p9aPxv4g/LhxJ/gz+AUsFfTOmcJvw5NvhgqczGJb2cquDgfdylD0blBAyy+ufcyJg8HwTAC3c3hlr/0lpyIuogWnrpPCoJpWtVjKiiu42qexp9jBaLTGdq54wf+aNCQ7dQqq5r0pHon+QR+8PTDCeCisT/xP8m/iT+Bn/ILdoQZmAV/NUwxIgYi8wsJuceMv7sUWxaO6eXUzXjzq/4m9rHXac5xAGImPRRkKtZ82oG2AYo1YPb0ZVbLkvDJnqn45oXhKYkvV2v8VnEjB/5R/9if/E/+ObykvG/iT+Jv8EfwV99XQdokeRpYPnJlsCPKhA77Do73Rz4UqVjhj8rAujvXtMa9w2tcefKtm7pCr1ehStS4qK5eLg9aYcEYADNS0gqQkFc2gNils3oXZXLBL8W6K1qgTxK5zR4GUi0jF9CRTgSR+QvMUT/Yn/xP3IG+Mz438SfxN/gj+Cv04g/B1xeZ1cZLZUBHPEBJhKfEd9lmrODaxOr6IbEDzI6+Fef+L32pvfaAaf5KKgnHikwiKRdJyqpEoj3eGYrWsaP/KN/soWykTKKKtrEbFdQY3/xP/K98b+JP5rhIa7aZRByHXNxERQSf4M/gr9ODP7EotfWtVTGM+59H3fbOahAjoCgUA5hLJPtzsEcdThImimV4+gpM3yIJ9Yro5JfkZ87G5gEvowf+Uf/HJBjf3IIOA87kNlfkDtImimV4xj/g6Qsj+5kQXrxvwo0sz510UBJ/En8D/4J/sNNHpX4a/+Nc1pfW9M+7ht26Ddvy1D138KP+Qc7HwLBu9WxuTZdzYqupqiuNsCoRTBwlj/sAxUFZyghtAE49Xn94sv4kX/0L/Zn9+EDviL+p7xj95H+qRL/m/iT+Bv8YVRWYAtsFfzlZ7COHcTR8pl1hnjc8We/ngHcCY7brHFXopKj56gUOfUktquHQX1vXPM3NZPlJjrQw6q4+ajSaFXRt7HM4uTxlb5G7Tb1lcCMj5Ai/5JC9E+6EPuL/4n/Tfw5ED2JE0SKRZxVKfE3+CP46+Tiz/5x1Omc9nHf2Kh93LfuNFBt5Fh5HhHUjBefV1KF/gfIk2Bz3vwcmhNxRWeoQjmU4vcvw8bD76PqlFPLU9foGV+S8BOPyD/6J8PQ/7E//EP8j11oc5kljfhfy8GC6QpShcSf9nRbgkj8lSyajgR/NAfiU8sjm+AvO5Cjhj91azwNPq1pqcxGWyrDl1MXi1+4e+bakZZ7AQNGL6tnFpDEcdUzgr7TnSD8rhroatVqzA/Na8Zcoqb6oVh8GT/yH4uvSkukItG/2F/8jwyB/+N/E38Sfx0bQA/BH6yICP5aKMSJxp8DNTPjvsmMu9KW9nEHdO/ZIcY18wE4vqoZ4D7rN9eQsynpPD++s0oRcNouZoXQ4Stl2wPvIWX8yB/9GhoqnVik6F/sL/4n/jfxZ+EURzbxt54rBH90fBX8JeM4QfhzwCJvB7mhL6fq6m5qxt03WoddAWgHSPLM8qi+N2LlRnec3VVwNoNshp38qp5WtKOW1pVcaqTqmcICwtN/xo/8G4CP/sX+4n/ifxN/iJKKpIm/wR8oghKnvsFH8JeEccLxZ/eB7QNMAHe9nCrgDnxu7qGwthE4wKGaWF84UCQpzwz9jv4reEGViIB9ALx5qmZHfa30t1HdWAd3Wx0WF/kq76+DXv21dvQhQsaP/KN/sb/4nz5FIqcY/5v4k/jb8ELwB54h+Ov448+Bkft2kCBgL5UBLeP0BbL5yil5g2WwcmF3SNr+t2bIwc5weD6o1ddJR4N+I2sDdJbmmQ86TqXPqtMJo9Aw40sUkX/0L/YX/4PDjP+VFJwSfySGUonE3+CPwlJSieCv04M/BZELRtcHmDatBH07yALQ1oj2Mmm5zlIQIW43BfvzZKLX4VSgFOCor1S5qEOl4tQSHKuaeA3gyxMB6AFrTnRD0rleZu1jcIMyfuRfOoOaRP+6bUgYsT+E4AmH+B+cp8WhQ6XSlPjfxB8iuZQj8ZcZSPvN4I/gr+OAP4dLX1tf15dTtVRGYHzr1iA3V49xK8tJ0x01y96CgOi1u8zM0xoZP4Dtacus2WqfNTKxFKRtbkgnYqIzmJX3gL2nue+MH/lH//jhWskm0+yp22i3Gswo9idpxP/E/yb+JP4Gf1TcCP5SUDje+HMg5HPaDnLzkr6cKsrN24R+XZhuM0B5V+iAL3FRCVCYU9FcJaLr6HGRKM7vdheQ8K98Kw+MdMhIVWf8DjnjR/7Siuhf7C/+J/438adibeKvwUE7BH/UhCdoKfjrNOFP328O585pH/fNDePom9oOEhqpFGI2EM/izTXO1cGczo6ZPpWYG9QcsTJazMA+8CD0fanGELF1MY+R8SN/HFL0rzvo2TZmeytzmsuxP/mN5mfif+J/E38Sf4M/gr9OEv5s0X5FH2DSl1MbcN/WjHuBJSABLANTj/xyFt1EDgTLGT9UoT+WMYSHSQka6EKAjBnVGgG6/oHROBmsKdNqWxUEUzJ+l4xFUofIvylPl4m0Jvpni+GZFurhFPuL/4n/TfxJ/A3+CP5qCFOR8Rjhz7YeZqovp2qpDP4c4M5VsHZdG77069G5Zm8GqO5A0WhgPtCOPbep1m/9xVKZJhkGocLgXFyUSS1bpYwf+Uf/Yn/xP81rxv8m/kgHtGioT2ol/pZzKPQwjsEfwV8nHX8qJnj6bVpjqcxzWiqjqWxvBymnwHpzXh5lfSE+oqfyF8WwsiOATheL5PpC3wbjdegEGKsH5wTaMTSTlihfpIwf+Uf/Yn/xP/G/RIyeKnpUgEj8SfwN/lhaR0NXHW65qiym20/w1ywPf9TxWOJP7qJusoH7hl5OVZEvp9bN5Va3PLPinSyAzbXWchXoKjALMBhgvHuCy99ecuPWpverOsb3H6RjpVaZ8WfxRv7RP5lH7A+TiP+J/5UxJP44elbcTvxt4OHACVQR/CEtCf5S8EAbiB86kVU6NvhTfyvLzPVyqraD3GA7SM24j+0g5ytql+iLqwN1BR2Gs2C9lB0oneqfnvPzNVOEseM6WlIhcE7ZXYhHW3Xt7nrtTBMiFX3Ekmgv0UMlN1Z2wesxGr/IGT/yj/7F/uJ/4n8Tf4jNRE4CY+Jv8Efw13HGnx311hp3zbiDl7e1qwzz3gWKZ2g8MDL2r1SNFRblEWrSXZQVgXkvfyke86k8eGikNAZWfh6pCgg0489SGbIaGSTYZbiQrZ9KRP7Rv+aUS01kmwsdQYeUlqo0a5oqVIj9xf/E/85WMWxlZGxCiX92Fwvfkvgj55n4m/h7MP7ygS+7Dw4kuZc2x31//Ct+PyGiDW1Rr5blXMB9U19OVW/bt6uKofqLHrTwl+YYjci++ANoT9mfp6eNiu7UmeoLFud0MIhf8lFJUr+MryMFHTN+5C8IQUCI/sX+8AnxP/aTEkUlXCVJ5fhffm4k/jjsNp2QwZRy6OicDom/pSVDTsiKFPwR/PUg8acWkazq39qTZ6eLrz46nb/0yHT2kZVp66Od6Z+/uTl9+vbNaftjbdNpG92rfytC66vrZ6YnXlqbLnzz/LR+Qdoq0P6vq9vTP367Zfdv17/GB5i0VAaV3mJXmWbvwGdovdzIxu476qhm5+QsGbytdsEG5oR5iJE++F9s7q+e21W/jXmMRTnjN5FF/tG/2F/3B/E/dgvxvzKJxB/pgl1D4m/wR/DXkcKfssvzT5+dLn3/y9MTXz83XXxyY/rKFy9O64+sTzdufTZ98Nl709/fuz69//NPpw9/dWO6fUPbcAhDg3XOrK1MF751fnrm1S9NTz93Ydp4/GvTY2uPT3fu3Jr+duOD6f3rfwFKF472y6l9O0gtlSFQ9iBZoUKl4m6nqh08OBBYBgH0TeJPWWnQvfKw8E9PD3iqMvr1mCrjjJxvVYOh0etUA9WxGB/G+KsrPHeYpjs7CImfGvXXQXwY4zPgYV7/gxh/RT9DkRv3/w5vydQF1T1X/ijf/wdx/Vx7v/7jpv+5/q6u3MHYf0mhnOBp9X/n19enN9/8wfSTn/5s+uSjj0tBJJJKJyv+xf732v8bb7w+vXvt2vTnt98+EP9XmW5VAv/cFl7AW5C3zaiu458dYiBE/fNqoxYPh22pjSv3nKqW4xnGUR32t3unxVPRK0X/DgN/rj91dnr+h49Nz3zjyenl516ZXnzi29P51bV2g3enD29dn/748a+n31/9w3Ttl9enD37x7+nWJ3emM4+uTk+/8oXpue9cmF584aXp5ademS6uXRKuFqAX9tze3Z7+9Onvpv8AjyvB2d+vTTsAAAAASUVORK5CYII=